Date,Apple Stand Hour (count),Apple Stand Time (min),Headphone Audio Exposure (dBASPL),Step Count (count),Walking + Running Distance (km),Walking Asymmetry Percentage (%),Walking Speed (km/hr),Walking Step Length (cm) 
2016-08-13 00:00:00,,,,25718,13.93,,, 
2016-08-14 00:00:00,,,,19218,12.04,,,
2016-08-15 00:00:00,,,,11779,8.67,,,
2016-08-16 00:00:00,,,,25631,19.34,,,
2016-08-17 00:00:00,,,,11181,6.42,,,
2016-08-18 00:00:00,,,,5349,3.13,,,
2016-08-19 00:00:00,,,,4177,2.49,,,
2016-08-20 00:00:00,,,,7178,4.52,,,
2016-08-21 00:00:00,,,,11049,6.61,,,
2016-08-22 00:00:00,,,,9512,5.2,,,
2016-08-23 00:00:00,,,,13707,7.45,,,
2016-08-24 00:00:00,,,,4794,2.83,,,
2016-08-25 00:00:00,,,,9585,5.18,,,
2016-08-26 00:00:00,,,,11797,7.22,,,
2016-08-27 00:00:00,,,,21714,13.58,,,
2016-08-28 00:00:00,,,,18114,10.51,,,
2016-08-29 00:00:00,,,,3918,2.94,,,
2016-08-30 00:00:00,,,,4505,2.63,,,
2016-08-31 00:00:00,,,,446,0.278,,,
2016-09-01 00:00:00,,,,6943,3.96,,,
2016-09-02 00:00:00,,,,7031,5.09,,,
2016-09-03 00:00:00,,,,4397,2.86,,,
2016-09-04 00:00:00,,,,4089,2.69,,,
2016-09-05 00:00:00,,,,7165,4.65,,,
2016-09-06 00:00:00,,,,9086,5.63,,,
2016-09-07 00:00:00,,,,9266,5.81,,,
2016-09-08 00:00:00,,,,6319,3.7,,,
2016-09-09 00:00:00,,,,9016,5.75,,,
2016-09-10 00:00:00,,,,17192,11.44,,,
2016-09-11 00:00:00,,,,1867,1.06,,,
2016-09-12 00:00:00,,,,6901,4.33,,,
2016-09-13 00:00:00,,,,8455,5.94,,,
2016-09-14 00:00:00,,,,772,0.463,,,
2016-09-15 00:00:00,,,,5877,3.3,,,
2016-09-16 00:00:00,,,,8105,5.62,,,
2016-09-17 00:00:00,,,,7787,5.02,,,
2016-09-18 00:00:00,,,,2350,1.37,,,
2016-09-19 00:00:00,,,,6292,3.58,,,
2016-09-20 00:00:00,,,,6662,4,,,
2016-09-21 00:00:00,,,,899,0.543,,,
2016-09-22 00:00:00,,,,6290,3.66,,,
2016-09-23 00:00:00,,,,8674,5.34,,,
2016-09-24 00:00:00,,,,4039,2.76,,,
2016-09-25 00:00:00,,,,684,0.406,,,
2016-09-26 00:00:00,,,,5425,3.6,,,
2016-09-27 00:00:00,,,,9696,6.19,,,
2016-09-28 00:00:00,,,,1458,0.912,,,
2016-09-29 00:00:00,,,,6063,3.6,,,
2016-09-30 00:00:00,,,,13139,8.31,,,
2016-10-01 00:00:00,,,,4810,2.95,,,
2016-10-02 00:00:00,,,,3529,1.93,,,
2016-10-03 00:00:00,,,,7201,4.18,,,
2016-10-04 00:00:00,,,,9084,5.41,,,
2016-10-05 00:00:00,,,,1810,1.06,,,
2016-10-06 00:00:00,,,,6267,3.66,,,
2016-10-07 00:00:00,,,,7751,4.89,,,
2016-10-08 00:00:00,,,,7867,4.56,,,
2016-10-09 00:00:00,,,,167,0.11,,,
2016-10-10 00:00:00,,,,6252,3.67,,,
2016-10-11 00:00:00,,,,8797,5.62,,,
2016-10-12 00:00:00,,,,1378,0.827,,,
2016-10-13 00:00:00,,,,6288,3.6,,,
2016-10-14 00:00:00,,,,7680,4.76,,,
2016-10-15 00:00:00,,,,4790,2.98,,,
2016-10-16 00:00:00,,,,80,0.052,,,
2016-10-17 00:00:00,,,,6698,4.03,,,
2016-10-18 00:00:00,,,,10170,6.34,,,
2016-10-19 00:00:00,,,,2588,1.8,,,
2016-10-20 00:00:00,,,,1469,1.07,,,
2016-10-21 00:00:00,,,,2820,2.06,,,
2016-10-22 00:00:00,,,,4511,2.86,,,
2016-10-23 00:00:00,,,,2438,1.46,,,
2016-10-24 00:00:00,,,,549,0.387,,,
2016-10-25 00:00:00,,,,1806,1.39,,,
2016-10-26 00:00:00,,,,7459,4.64,,,
2016-10-27 00:00:00,,,,1656,1.42,,,
2016-10-28 00:00:00,,,,1685,1.33,,,
2016-10-29 00:00:00,,,,3852,2.45,,,
2016-10-30 00:00:00,,,,5797,3.55,,,
2016-10-31 00:00:00,,,,8961,6.13,,,
2016-11-01 00:00:00,,,,2263,1.32,,,
2016-11-02 00:00:00,,,,1599,1.28,,,
2016-11-03 00:00:00,,,,6064,3.37,,,
2016-11-04 00:00:00,,,,8391,5.11,,,
2016-11-05 00:00:00,,,,7182,4.56,,,
2016-11-06 00:00:00,,,,1491,0.942,,,
2016-11-07 00:00:00,,,,6734,4.34,,,
2016-11-08 00:00:00,,,,9359,6.24,,,
2016-11-09 00:00:00,,,,5027,3.95,,,
2016-11-10 00:00:00,,,,9775,7.5,,,
2016-11-11 00:00:00,,,,3887,2.38,,,
2016-11-12 00:00:00,,,,3563,2.26,,,
2016-11-13 00:00:00,,,,2552,1.75,,,
2016-11-14 00:00:00,,,,6474,4.08,,,
2016-11-15 00:00:00,,,,8298,5.35,,,
2016-11-16 00:00:00,,,,5140,3.36,,,
2016-11-17 00:00:00,,,,9722,6.2,,,
2016-11-18 00:00:00,,,,10613,7.23,,,
2016-11-19 00:00:00,,,,2251,1.41,,,
2016-11-20 00:00:00,,,,486,0.425,,,
2016-11-21 00:00:00,,,,6577,4.32,,,
2016-11-22 00:00:00,,,,10712,7.28,,,
2016-11-23 00:00:00,,,,5538,4.33,,,
2016-11-24 00:00:00,,,,8926,6.59,,,
2016-11-25 00:00:00,,,,8746,6.28,,,
2016-11-26 00:00:00,,,,1837,1.11,,,
2016-11-27 00:00:00,,,,528,0.421,,,
2016-11-28 00:00:00,,,,6141,4.03,,,
2016-11-29 00:00:00,,,,15448,10.31,,,
2016-11-30 00:00:00,,,,5413,3.64,,,
2016-12-01 00:00:00,,,,8735,5.69,,,
2016-12-02 00:00:00,,,,8331,5.55,,,
2016-12-03 00:00:00,,,,1599,1.09,,,
2016-12-04 00:00:00,,,,603,0.45,,,
2016-12-05 00:00:00,,,,6405,4.3,,,
2016-12-06 00:00:00,,,,10365,6.88,,,
2016-12-07 00:00:00,,,,6644,4.52,,,
2016-12-08 00:00:00,,,,6657,4.68,,,
2016-12-09 00:00:00,,,,9785,6.85,,,
2016-12-10 00:00:00,,,,2025,1.23,,,
2016-12-11 00:00:00,,,,855,0.659,,,
2016-12-12 00:00:00,,,,6451,4.32,,,
2016-12-13 00:00:00,,,,11213,7.61,,,
2016-12-14 00:00:00,,,,3960,2.64,,,
2016-12-15 00:00:00,,,,6084,4.42,,,
2016-12-16 00:00:00,,,,7298,5.13,,,
2016-12-17 00:00:00,,,,2842,1.94,,,
2016-12-18 00:00:00,,,,1831,1.17,,,
2016-12-19 00:00:00,,,,3701,2.2,,,
2016-12-20 00:00:00,,,,2117,1.32,,,
2016-12-21 00:00:00,,,,1703,1.15,,,
2016-12-22 00:00:00,,,,2546,1.69,,,
2016-12-23 00:00:00,,,,773,0.573,,,
2016-12-24 00:00:00,,,,7624,4.28,,,
2016-12-25 00:00:00,,,,4257,3.09,,,
2016-12-26 00:00:00,,,,3538,2.51,,,
2016-12-27 00:00:00,,,,3474,2.52,,,
2016-12-28 00:00:00,,,,5143,3.8,,,
2016-12-29 00:00:00,,,,4543,3.14,,,
2016-12-30 00:00:00,,,,5683,4.12,,,
2016-12-31 00:00:00,,,,7513,5.19,,,
2017-01-01 00:00:00,,,,9065,5.02,,,
2017-01-02 00:00:00,,,,504,0.364,,,
2017-01-03 00:00:00,,,,11058,7.25,,,
2017-01-04 00:00:00,,,,7261,5.17,,,
2017-01-05 00:00:00,,,,6595,4.74,,,
2017-01-06 00:00:00,,,,8190,5.55,,,
2017-01-07 00:00:00,,,,1190,0.862,,,
2017-01-08 00:00:00,,,,761,0.469,,,
2017-01-09 00:00:00,,,,5494,3.86,,,
2017-01-10 00:00:00,,,,9788,6.64,,,
2017-01-11 00:00:00,,,,3152,2.2,,,
2017-01-12 00:00:00,,,,6256,4.32,,,
2017-01-13 00:00:00,,,,7683,5.35,,,
2017-01-14 00:00:00,,,,4093,2.79,,,
2017-01-15 00:00:00,,,,239,0.168,,,
2017-01-16 00:00:00,,,,2286,1.32,,,
2017-01-17 00:00:00,,,,2750,1.76,,,
2017-01-18 00:00:00,,,,339,0.231,,,
2017-01-19 00:00:00,,,,6817,4.5,,,
2017-01-20 00:00:00,,,,8612,5.71,,,
2017-01-21 00:00:00,,,,6322,3.95,,,
2017-01-22 00:00:00,,,,4524,2.73,,,
2017-01-23 00:00:00,,,,5459,3.72,,,
2017-01-24 00:00:00,,,,9389,5.87,,,
2017-01-25 00:00:00,,,,2875,1.95,,,
2017-01-26 00:00:00,,,,7172,5.09,,,
2017-01-27 00:00:00,,,,8099,5.57,,,
2017-01-28 00:00:00,,,,2189,1.35,,,
2017-01-29 00:00:00,,,,3755,2.26,,,
2017-01-30 00:00:00,,,,8012,6.07,,,
2017-01-31 00:00:00,,,,5151,3.49,,,
2017-02-01 00:00:00,,,,4916,3.46,,,
2017-02-02 00:00:00,,,,9838,6.7,,,
2017-02-03 00:00:00,,,,223,0.144,,,
2017-02-04 00:00:00,,,,4985,3.16,,,
2017-02-05 00:00:00,,,,1846,1.09,,,
2017-02-06 00:00:00,,,,5678,3.42,,,
2017-02-07 00:00:00,,,,695,0.432,,,
2017-02-08 00:00:00,,,,2707,2.11,,,
2017-02-09 00:00:00,,,,1136,0.809,,,
2017-02-10 00:00:00,,,,985,0.662,,,
2017-02-11 00:00:00,,,,2498,2.18,,,
2017-02-12 00:00:00,,,,543,0.399,,,
2017-02-13 00:00:00,,,,3672,2.33,,,
2017-02-14 00:00:00,,,,5245,3.13,,,
2017-02-15 00:00:00,,,,3410,1.98,,,
2017-02-16 00:00:00,,,,446,0.308,,,
2017-02-17 00:00:00,,,,728,0.676,,,
2017-02-18 00:00:00,,,,1661,1.16,,,
2017-02-19 00:00:00,,,,193,0.149,,,
2017-02-20 00:00:00,,,,5699,3.52,,,
2017-02-21 00:00:00,,,,8623,5.19,,,
2017-02-22 00:00:00,,,,5810,4.11,,,
2017-02-23 00:00:00,,,,7692,4.7,,,
2017-02-24 00:00:00,,,,8112,5.53,,,
2017-02-25 00:00:00,,,,3602,2.37,,,
2017-02-26 00:00:00,,,,10010,6.15,,,
2017-02-27 00:00:00,,,,4968,3.1,,,
2017-02-28 00:00:00,,,,13057,7.98,,,
2017-03-01 00:00:00,,,,2733,1.81,,,
2017-03-02 00:00:00,,,,7914,5.04,,,
2017-03-03 00:00:00,,,,7233,4.51,,,
2017-03-04 00:00:00,,,,4952,2.84,,,
2017-03-05 00:00:00,,,,356.24,0.222,,,
2017-03-06 00:00:00,,,,5257,3.31,,,
2017-03-07 00:00:00,,,,8882,5.63,,,
2017-03-08 00:00:00,,,,4439,3.03,,,
2017-03-09 00:00:00,,,,6185,3.69,,,
2017-03-10 00:00:00,,,,10097,6.82,,,
2017-03-11 00:00:00,,,,9378,5.54,,,
2017-03-12 00:00:00,,,,2537,1.48,,,
2017-03-13 00:00:00,,,,5678,3.27,,,
2017-03-14 00:00:00,,,,11028,6.88,,,
2017-03-15 00:00:00,,,,7017,4.41,,,
2017-03-16 00:00:00,,,,7057,4.55,,,
2017-03-17 00:00:00,,,,10021,6.48,,,
2017-03-18 00:00:00,,,,3825,2.48,,,
2017-03-19 00:00:00,,,,4160,2.34,,,
2017-03-20 00:00:00,,,,5136,3.15,,,
2017-03-21 00:00:00,,,,9725,6.09,,,
2017-03-22 00:00:00,,,,4844,3.12,,,
2017-03-23 00:00:00,,,,6396,4.03,,,
2017-03-24 00:00:00,,,,7799,5.11,,,
2017-03-25 00:00:00,,,,4584,2.91,,,
2017-03-26 00:00:00,,,,4220,2.32,,,
2017-03-27 00:00:00,,,,7030,4.32,,,
2017-03-28 00:00:00,,,,11250,6.67,,,
2017-03-29 00:00:00,,,,583,0.424,,,
2017-03-30 00:00:00,,,,8892,5.71,,,
2017-03-31 00:00:00,,,,8145,5.37,,,
2017-04-01 00:00:00,,,,7255,4.23,,,
2017-04-02 00:00:00,,,,12953,8.01,,, 
2017-04-03 00:00:00,,,,3546,2.49,,, 
2017-04-04 00:00:00,,,,10208,6,,, 
2017-04-05 00:00:00,,,,3616,2.07,,, 
2017-04-06 00:00:00,,,,13200,9.14,,, 
2017-04-08 00:00:00,,,,14080,8.6,,, 
2017-04-09 00:00:00,,,,29104,15.48,,, 
2017-04-10 00:00:00,,,,20590,10.83,,, 
2017-04-11 00:00:00,,,,30598,16.96,,, 
2017-04-12 00:00:00,,,,5191,3.51,,, 
2017-04-13 00:00:00,,,,7286,4.11,,, 
2017-04-14 00:00:00,,,,5138,3.12,,, 
2017-04-15 00:00:00,,,,952,0.551,,, 
2017-04-16 00:00:00,,,,424,0.267,,, 
2017-04-17 00:00:00,,,,6472,3.68,,, 
2017-04-18 00:00:00,,,,7929,4.39,,, 
2017-04-19 00:00:00,,,,449,0.306,,, 
2017-04-20 00:00:00,,,,11964,7.31,,, 
2017-04-21 00:00:00,,,,7841,4.88,,, 
2017-04-22 00:00:00,,,,3065,1.86,,, 
2017-04-23 00:00:00,,,,13257,7.95,,, 
2017-04-24 00:00:00,,,,6670,3.73,,, 
2017-04-25 00:00:00,,,,11277,6.52,,, 
2017-04-26 00:00:00,,,,292,0.201,,, 
2017-04-27 00:00:00,,,,10261,5.9,,, 
2017-04-28 00:00:00,,,,7768,4.46,,, 
2017-04-29 00:00:00,,,,7303,4.62,,, 
2017-04-30 00:00:00,,,,4529,2.55,,, 
2017-05-01 00:00:00,,,,7239,4.69,,, 
2017-05-02 00:00:00,,,,8166,4.65,,, 
2017-05-03 00:00:00,,,,3900,2.47,,, 
2017-05-04 00:00:00,,,,8894,5.16,,, 
2017-05-05 00:00:00,,,,10887,6.63,,, 
2017-05-06 00:00:00,,,,5925,4.03,,, 
2017-05-07 00:00:00,,,,5943,3.47,,, 
2017-05-08 00:00:00,,,,2020,1.13,,, 
2017-05-09 00:00:00,,,,11300,6.71,,, 
2017-05-10 00:00:00,,,,3575,2.25,,, 
2017-05-11 00:00:00,,,,8397,5.28,,, 
2017-05-12 00:00:00,,,,6059,3.84,,, 
2017-05-13 00:00:00,,,,9311,5.77,,, 
2017-05-14 00:00:00,,,,2597,1.63,,, 
2017-05-15 00:00:00,,,,6712,4.28,,, 
2017-05-16 00:00:00,,,,9302,5.47,,, 
2017-05-17 00:00:00,,,,358,0.257,,, 
2017-05-18 00:00:00,,,,9054,6.13,,, 
2017-05-19 00:00:00,,,,8110,5.43,,, 
2017-05-20 00:00:00,,,,11014,7.19,,, 
2017-05-21 00:00:00,,,,6647,4.2,,, 
2017-05-22 00:00:00,,,,6200,4.02,,, 
2017-05-23 00:00:00,,,,10521,6.51,,, 
2017-05-24 00:00:00,,,,4292,2.67,,, 
2017-05-25 00:00:00,,,,9060,4.95,,, 
2017-05-26 00:00:00,,,,9214,5.31,,, 
2017-05-27 00:00:00,,,,6437,4.2,,, 
2017-05-28 00:00:00,,,,1130,0.674,,, 
2017-05-29 00:00:00,,,,6114,3.69,,, 
2017-05-30 00:00:00,,,,6067,3.56,,, 
2017-05-31 00:00:00,,,,674.74,0.477,,, 
2017-06-01 00:00:00,,,,8591,5.46,,, 
2017-06-02 00:00:00,,,,6842,4.11,,, 
2017-06-03 00:00:00,,,,5597,3.57,,, 
2017-06-04 00:00:00,,,,6093,4.62,,, 
2017-06-05 00:00:00,,,,1497,0.869,,, 
2017-06-06 00:00:00,,,,8643,5.71,,, 
2017-06-07 00:00:00,,,,589,0.401,,, 
2017-06-08 00:00:00,,,,5888,3.19,,, 
2017-06-09 00:00:00,,,,17338,10.43,,, 
2017-06-10 00:00:00,,,,13581,7.87,,, 
2017-06-11 00:00:00,,,,1209,0.651,,, 
2017-06-12 00:00:00,,,,2733,1.64,,, 
2017-06-13 00:00:00,,,,8575,6.22,,, 
2017-06-14 00:00:00,,,,6576,4.44,,, 
2017-06-15 00:00:00,,,,4203,2.85,,, 
2017-06-16 00:00:00,,,,15858,11.68,,, 
2017-06-17 00:00:00,,,,184,0.113,,, 
2017-06-18 00:00:00,,,,2899,1.67,,, 
2017-06-19 00:00:00,,,,9927,5.95,,, 
2017-06-20 00:00:00,,,,7907,4.9,,, 
2017-06-21 00:00:00,,,,2768,1.56,,, 
2017-06-22 00:00:00,,,,422,0.245,,, 
2017-06-23 00:00:00,,,,7364,4.69,,, 
2017-06-24 00:00:00,,,,6494,4.4,,, 
2017-06-25 00:00:00,,,,352,0.221,,, 
2017-06-26 00:00:00,,,,11615,7.86,,, 
2017-06-27 00:00:00,,,,6769,4.3,,, 
2017-06-28 00:00:00,,,,4487,2.71,,, 
2017-06-29 00:00:00,,,,6115,3.37,,, 
2017-06-30 00:00:00,,,,6325,3.57,,, 
2017-07-01 00:00:00,,,,1454,0.891,,, 
2017-07-02 00:00:00,,,,4567,2.63,,, 
2017-07-03 00:00:00,,,,2402,1.32,,, 
2017-07-04 00:00:00,,,,13435,7.84,,, 
2017-07-05 00:00:00,,,,2628,1.67,,, 
2017-07-06 00:00:00,,,,2626,1.53,,, 
2017-07-07 00:00:00,,,,13448,7.68,,, 
2017-07-08 00:00:00,,,,9705,6.25,,, 
2017-07-09 00:00:00,,,,5487,3.49,,, 
2017-07-10 00:00:00,,,,6082,3.56,,, 
2017-07-11 00:00:00,,,,2669,1.59,,, 
2017-07-12 00:00:00,,,,4479,2.61,,, 
2017-07-13 00:00:00,,,,5950,3.44,,, 
2017-07-14 00:00:00,,,,9807,5.43,,, 
2017-07-15 00:00:00,,,,8104,4.62,,, 
2017-07-16 00:00:00,,,,1739,1.16,,, 
2017-07-17 00:00:00,,,,8590,4.98,,, 
2017-07-18 00:00:00,,,,3882,2.31,,, 
2017-07-19 00:00:00,,,,2380,1.34,,, 
2017-07-20 00:00:00,,,,1860,1.11,,, 
2017-07-21 00:00:00,,,,1912,1.11,,, 
2017-07-22 00:00:00,,,,9857,5.8,,, 
2017-07-23 00:00:00,,,,9340,5.04,,, 
2017-07-24 00:00:00,,,,1276,0.748,,, 
2017-07-25 00:00:00,,,,3603,2.04,,, 
2017-07-26 00:00:00,,,,4701,2.88,,, 
2017-07-27 00:00:00,,,,985,0.698,,, 
2017-07-28 00:00:00,,,,8713,5.29,,, 
2017-07-29 00:00:00,,,,13170,7.37,,, 
2017-07-30 00:00:00,,,,8936,5.08,,, 
2017-07-31 00:00:00,,,,2318,1.26,,, 
2017-08-01 00:00:00,,,,3545,2.11,,, 
2017-08-02 00:00:00,,,,11752,6.55,,, 
2017-08-03 00:00:00,,,,6437,3.72,,, 
2017-08-04 00:00:00,,,,3427,2.09,,, 
2017-08-05 00:00:00,,,,5388,3.14,,, 
2017-08-06 00:00:00,,,,6459,3.86,,, 
2017-08-07 00:00:00,,,,6578,3.49,,, 
2017-08-08 00:00:00,,,,21557,11.08,,, 
2017-08-09 00:00:00,,,,38106,20.77,,, 
2017-08-10 00:00:00,,,,21140,10.95,,, 
2017-08-11 00:00:00,,,,17603,9.25,,, 
2017-08-12 00:00:00,,,,22302,11.33,,, 
2017-08-13 00:00:00,,,,23489,11.94,,, 
2017-08-14 00:00:00,,,,26365,13.73,,, 
2017-08-15 00:00:00,,,,27790,15.27,,, 
2017-08-16 00:00:00,,,,33148,18.37,,, 
2017-08-17 00:00:00,,,,21606,12.43,,, 
2017-08-18 00:00:00,,,,29081,15.4,,, 
2017-08-19 00:00:00,,,,11215,6.61,,, 
2017-08-20 00:00:00,,,,9499,6.94,,, 
2017-08-21 00:00:00,,,,7020,4.82,,, 
2017-08-22 00:00:00,,,,4755,3.22,,, 
2017-08-23 00:00:00,,,,13990,8.37,,, 
2017-08-24 00:00:00,,,,11956,6.55,,, 
2017-08-25 00:00:00,,,,18985,11.74,,, 
2017-08-26 00:00:00,,,,5764,3.58,,, 
2017-08-27 00:00:00,,,,11546,6.34,,, 
2017-08-28 00:00:00,,,,7678,4.08,,, 
2017-08-29 00:00:00,,,,9875,5.24,,, 
2017-08-30 00:00:00,,,,14597,8.9,,, 
2017-08-31 00:00:00,,,,5415,2.83,,, 
2017-09-01 00:00:00,,,,4914,2.97,,, 
2017-09-02 00:00:00,,,,3097,2.03,,, 
2017-09-03 00:00:00,,,,2670,1.59,,, 
2017-09-04 00:00:00,,,,8345,5.63,,, 
2017-09-05 00:00:00,,,,5687,3.39,,, 
2017-09-06 00:00:00,,,,9843,5.42,,, 
2017-09-07 00:00:00,,,,7405,4.13,,, 
2017-09-08 00:00:00,,,,6627,3.52,,, 
2017-09-09 00:00:00,,,,1847,1.1,,, 
2017-09-10 00:00:00,,,,4551,2.57,,, 
2017-09-11 00:00:00,,,,4995,2.88,,, 
2017-09-12 00:00:00,,,,8970,5.05,,, 
2017-09-13 00:00:00,,,,3636,1.99,,, 
2017-09-14 00:00:00,,,,9428,5.55,,, 
2017-09-15 00:00:00,,,,3961,2.18,,, 
2017-09-16 00:00:00,,,,926,0.639,,, 
2017-09-17 00:00:00,,,,2704,1.53,,, 
2017-09-18 00:00:00,,,,7900,4.27,,, 
2017-09-19 00:00:00,,,,10097,5.9,,, 
2017-09-20 00:00:00,,,,4214,2.37,,, 
2017-09-21 00:00:00,,,,6696,3.64,,, 
2017-09-22 00:00:00,,,,4699,2.54,,, 
2017-09-23 00:00:00,,,,4703,2.69,,, 
2017-09-24 00:00:00,,,,5541,2.98,,, 
2017-09-25 00:00:00,,,,7672,4.78,,, 
2017-09-26 00:00:00,,,,11006,7.04,,, 
2017-09-27 00:00:00,,,,5570,3.02,,, 
2017-09-28 00:00:00,,,,5146,2.83,,, 
2017-09-29 00:00:00,,,,4388,2.47,,, 
2017-09-30 00:00:00,,,,6344,3.74,,, 
2017-10-01 00:00:00,,,,3652,2.12,,, 
2017-10-02 00:00:00,,,,5297,3.03,,, 
2017-10-03 00:00:00,,,,7201,4.82,,, 
2017-10-04 00:00:00,,,,3471,1.98,,, 
2017-10-05 00:00:00,,,,5633,3.36,,, 
2017-10-06 00:00:00,,,,5430,3.09,,, 
2017-10-07 00:00:00,,,,1142,0.761,,, 
2017-10-08 00:00:00,,,,5040,2.68,,, 
2017-10-09 00:00:00,,,,6118,3.32,,, 
2017-10-10 00:00:00,,,,6311,3.55,,, 
2017-10-11 00:00:00,,,,3270,1.85,,, 
2017-10-12 00:00:00,,,,5315,3.03,,, 
2017-10-13 00:00:00,,,,5013,2.94,,, 
2017-10-14 00:00:00,,,,4894,2.83,,, 
2017-10-15 00:00:00,,,,3089,1.75,,, 
2017-10-16 00:00:00,,,,4601,2.58,,, 
2017-10-17 00:00:00,,,,7692,4.2,,, 
2017-10-18 00:00:00,,,,3130,1.74,,, 
2017-10-19 00:00:00,,,,6952,4.24,,, 
2017-10-20 00:00:00,,,,4703,2.76,,, 
2017-10-21 00:00:00,,,,6971,4.47,,, 
2017-10-22 00:00:00,,,,8892,5.34,,, 
2017-10-23 00:00:00,,,,3215,1.76,,, 
2017-10-24 00:00:00,,,,4856,2.8,,, 
2017-10-25 00:00:00,,,,1017,0.598,,, 
2017-10-26 00:00:00,,,,7112,3.93,,, 
2017-10-27 00:00:00,,,,4851,2.73,,, 
2017-10-28 00:00:00,,,,3764,2.08,,, 
2017-10-29 00:00:00,,,,1755,0.936,,, 
2017-10-30 00:00:00,,,,2987,1.71,,, 
2017-10-31 00:00:00,,,,11762,6.84,,, 
2017-11-01 00:00:00,,,,623,0.433,,, 
2017-11-02 00:00:00,,,,2968,1.72,,, 
2017-11-03 00:00:00,,,,2452,1.48,,, 
2017-11-04 00:00:00,,,,509,0.345,,, 
2017-11-05 00:00:00,,,,2724,1.58,,, 
2017-11-06 00:00:00,,,,5335,2.83,,, 
2017-11-07 00:00:00,,,,6388,3.53,,, 
2017-11-08 00:00:00,,,,3934,2.19,,, 
2017-11-09 00:00:00,,,,5678,3.19,,, 
2017-11-10 00:00:00,,,,4967,2.81,,, 
2017-11-11 00:00:00,,,,9149,4.97,,, 
2017-11-12 00:00:00,,,,200,0.128,,, 
2017-11-13 00:00:00,,,,5729,3.18,,, 
2017-11-14 00:00:00,,,,6981,4.02,,, 
2017-11-15 00:00:00,,,,3579,1.99,,, 
2017-11-16 00:00:00,,,,4437,2.44,,, 
2017-11-17 00:00:00,,,,5724,3.17,,, 
2017-11-18 00:00:00,,,,2916,2.2,,, 
2017-11-19 00:00:00,,,,1389,0.739,,, 
2017-11-20 00:00:00,,,,5144,2.91,,, 
2017-11-21 00:00:00,,,,5513,3.1,,, 
2017-11-22 00:00:00,,,,4478,2.45,,, 
2017-11-23 00:00:00,,,,4432,2.55,,, 
2017-11-24 00:00:00,,,,6171,3.35,,, 
2017-11-25 00:00:00,,,,1732,1.13,,, 
2017-11-26 00:00:00,,,,2989,1.77,,, 
2017-11-27 00:00:00,,,,6847,3.73,,, 
2017-11-28 00:00:00,,,,7333,4.09,,, 
2017-11-29 00:00:00,,,,4987,2.85,,, 
2017-11-30 00:00:00,,,,7296,4.35,,, 
2017-12-01 00:00:00,,,,6170,3.46,,, 
2017-12-02 00:00:00,,,,6123,3.62,,, 
2017-12-03 00:00:00,,,,892.35,0.516,,, 
2017-12-04 00:00:00,,,,4638,2.58,,, 
2017-12-05 00:00:00,,,,5183,2.81,,, 
2017-12-06 00:00:00,,,,4629,2.52,,, 
2017-12-07 00:00:00,,,,6841,4.5,,, 
2017-12-08 00:00:00,,,,5576,3.22,,, 
2017-12-09 00:00:00,,,,2149,1.44,,, 
2017-12-10 00:00:00,,,,551,0.419,,, 
2017-12-11 00:00:00,,,,6641,4.27,,, 
2017-12-12 00:00:00,,,,5890,3.38,,, 
2017-12-13 00:00:00,,,,8683,5.34,,, 
2017-12-14 00:00:00,,,,6978,4.13,,, 
2017-12-15 00:00:00,,,,6184,3.58,,, 
2017-12-16 00:00:00,,,,10148,5.96,,, 
2017-12-17 00:00:00,,,,5049,2.82,,, 
2017-12-18 00:00:00,,,,6886,3.89,,, 
2017-12-19 00:00:00,,,,6291,3.57,,, 
2017-12-20 00:00:00,,,,3647,2.02,,, 
2017-12-21 00:00:00,,,,4207,2.42,,, 
2017-12-22 00:00:00,,,,5840,3.42,,, 
2017-12-23 00:00:00,,,,413,0.286,,, 
2017-12-24 00:00:00,,,,8453,5.29,,, 
2017-12-25 00:00:00,,,,9197,6,,, 
2017-12-26 00:00:00,,,,4303,2.92,,, 
2017-12-27 00:00:00,,,,7551,4.38,,, 
2017-12-28 00:00:00,,,,6774,4.16,,, 
2017-12-29 00:00:00,,,,7237,4.67,,, 
2017-12-30 00:00:00,,,,2125,1.26,,, 
2017-12-31 00:00:00,,,,5809,3.22,,, 
2018-01-01 00:00:00,,,,5243,3,,, 
2018-01-02 00:00:00,,,,1980,1.11,,, 
2018-01-03 00:00:00,,,,7614,4.26,,, 
2018-01-04 00:00:00,,,,5530,3.14,,, 
2018-01-05 00:00:00,,,,3890,2.45,,, 
2018-01-06 00:00:00,,,,1064,0.629,,, 
2018-01-07 00:00:00,,,,241,0.167,,, 
2018-01-08 00:00:00,,,,5668,3.11,,, 
2018-01-09 00:00:00,,,,7844,4.67,,, 
2018-01-10 00:00:00,,,,4999,2.99,,, 
2018-01-11 00:00:00,,,,5128,2.87,,, 
2018-01-12 00:00:00,,,,7667,4.78,,, 
2018-01-13 00:00:00,,,,562,0.396,,, 
2018-01-14 00:00:00,,,,3942,2.2,,, 
2018-01-15 00:00:00,,,,4058,2.22,,, 
2018-01-16 00:00:00,,,,6294,3.44,,, 
2018-01-17 00:00:00,,,,3642,2.01,,, 
2018-01-18 00:00:00,,,,5945,3.58,,, 
2018-01-19 00:00:00,,,,6447,3.72,,, 
2018-01-20 00:00:00,,,,9192,5.67,,, 
2018-01-21 00:00:00,,,,3552,2.02,,, 
2018-01-22 00:00:00,,,,6415,3.65,,, 
2018-01-23 00:00:00,,,,8720,4.98,,, 
2018-01-24 00:00:00,,,,7131,3.87,,, 
2018-01-25 00:00:00,,,,6972,3.81,,, 
2018-01-26 00:00:00,,,,5740,3.19,,, 
2018-01-27 00:00:00,,,,351,0.252,,, 
2018-01-28 00:00:00,,,,245,0.162,,, 
2018-01-29 00:00:00,,,,4878,2.93,,, 
2018-01-30 00:00:00,,,,6684,3.76,,, 
2018-01-31 00:00:00,,,,4188,2.46,,, 
2018-02-01 00:00:00,,,,5149,3.08,,, 
2018-02-02 00:00:00,,,,10447,6.4,,, 
2018-02-03 00:00:00,,,,2003,1.28,,, 
2018-02-04 00:00:00,,,,4898,2.76,,, 
2018-02-05 00:00:00,,,,104,0.056,,, 
2018-02-06 00:00:00,,,,329,0.217,,, 
2018-02-07 00:00:00,,,,277,0.187,,, 
2018-02-08 00:00:00,,,,7963,4.39,,, 
2018-02-09 00:00:00,,,,4489,2.53,,, 
2018-02-10 00:00:00,,,,2628,1.56,,, 
2018-02-11 00:00:00,,,,2824,1.65,,, 
2018-02-12 00:00:00,,,,7115,4.17,,, 
2018-02-13 00:00:00,,,,7776,4.41,,, 
2018-02-14 00:00:00,,,,5272,3.23,,, 
2018-02-15 00:00:00,,,,6616,4.06,,, 
2018-02-16 00:00:00,,,,5508,3.09,,, 
2018-02-17 00:00:00,,,,7794,4.38,,, 
2018-02-18 00:00:00,,,,8367,4.82,,, 
2018-02-19 00:00:00,,,,10222,7.28,,, 
2018-02-20 00:00:00,,,,9694,6.73,,, 
2018-02-21 00:00:00,,,,13669,8.51,,, 
2018-02-22 00:00:00,,,,11275,7.66,,, 
2018-02-23 00:00:00,,,,10610,7,,, 
2018-02-24 00:00:00,,,,1535,0.777,,, 
2018-02-25 00:00:00,,,,21487,14.92,,, 
2018-02-26 00:00:00,,,,22793,15.91,,, 
2018-02-27 00:00:00,,,,29097,21.05,,, 
2018-02-28 00:00:00,,,,8033,4.73,,, 
2018-03-01 00:00:00,,,,8774,5.68,,, 
2018-03-02 00:00:00,,,,4661,2.72,,, 
2018-03-03 00:00:00,,,,7211,4.47,,, 
2018-03-04 00:00:00,,,,4269,2.54,,, 
2018-03-05 00:00:00,,,,8364,4.9,,, 
2018-03-06 00:00:00,,,,5583,3.34,,, 
2018-03-07 00:00:00,,,,6930,4.52,,, 
2018-03-08 00:00:00,,,,5566,3.36,,, 
2018-03-09 00:00:00,,,,6117,3.87,,, 
2018-03-10 00:00:00,,,,2080,1.27,,, 
2018-03-11 00:00:00,,,,2543,1.39,,, 
2018-03-12 00:00:00,,,,6019,3.76,,, 
2018-03-13 00:00:00,,,,6080,3.62,,, 
2018-03-14 00:00:00,,,,6823,3.93,,, 
2018-03-15 00:00:00,,,,6765,4.29,,, 
2018-03-16 00:00:00,,,,5611,3.08,,, 
2018-03-17 00:00:00,,,,3994,2.79,,, 
2018-03-18 00:00:00,,,,936,0.567,,, 
2018-03-19 00:00:00,,,,5870,3.52,,, 
2018-03-20 00:00:00,,,,7530,4.66,,, 
2018-03-21 00:00:00,,,,4842,3.17,,, 
2018-03-22 00:00:00,,,,5476,3.74,,, 
2018-03-23 00:00:00,,,,6541,4.22,,, 
2018-03-24 00:00:00,,,,3750,2.16,,, 
2018-03-25 00:00:00,,,,6115,3.75,,, 
2018-03-26 00:00:00,,,,5893,3.28,,, 
2018-03-27 00:00:00,,,,7881,5.08,,, 
2018-03-28 00:00:00,,,,5908,3.61,,, 
2018-03-29 00:00:00,,,,4588,2.57,,, 
2018-03-30 00:00:00,,,,5589,3.21,,, 
2018-03-31 00:00:00,,,,1684,1.05,,, 
2018-04-01 00:00:00,,,,4153,2.3,,, 
2018-04-02 00:00:00,,,,1013,0.595,,, 
2018-04-03 00:00:00,,,,8128,4.63,,, 
2018-04-04 00:00:00,,,,4543,2.63,,, 
2018-04-05 00:00:00,,,,4185,2.37,,, 
2018-04-06 00:00:00,,,,6153,3.53,,, 
2018-04-07 00:00:00,,,,6368,3.77,,, 
2018-04-08 00:00:00,,,,11061,6.97,,, 
2018-04-09 00:00:00,,,,5939,3.2,,, 
2018-04-10 00:00:00,,,,6661,3.58,,, 
2018-04-11 00:00:00,,,,3175,1.78,,, 
2018-04-12 00:00:00,,,,3904,2.23,,, 
2018-04-13 00:00:00,,,,7315,4.57,,, 
2018-04-14 00:00:00,,,,3373,2.02,,, 
2018-04-15 00:00:00,,,,376,0.243,,, 
2018-04-16 00:00:00,,,,8283,4.82,,, 
2018-04-17 00:00:00,,,,6113,3.64,,, 
2018-04-18 00:00:00,,,,7415,4.34,,, 
2018-04-19 00:00:00,,,,10348,5.96,,, 
2018-04-20 00:00:00,,,,960.76,0.544,,, 
2018-04-21 00:00:00,,,,5501,3.38,,, 
2018-04-22 00:00:00,,,,9052,5.07,,, 
2018-04-23 00:00:00,,,,6630,4.07,,, 
2018-04-24 00:00:00,,,,5362,3.02,,, 
2018-04-25 00:00:00,,,,7578,4.25,,, 
2018-04-26 00:00:00,,,,1759,1,,, 
2018-04-27 00:00:00,,,,1085,0.617,,, 
2018-04-28 00:00:00,,,,3871,2.1,,, 
2018-04-29 00:00:00,,,,3261,1.8,,, 
2018-04-30 00:00:00,,,,7153,4.02,,, 
2018-05-01 00:00:00,,,,603,0.36,,, 
2018-05-02 00:00:00,,,,3050,1.74,,, 
2018-05-03 00:00:00,,,,4126,2.34,,, 
2018-05-04 00:00:00,,,,5652,3.15,,, 
2018-05-05 00:00:00,,,,5791,3.64,,, 
2018-05-06 00:00:00,,,,4394,2.54,,, 
2018-05-07 00:00:00,,,,5969,3.28,,, 
2018-05-08 00:00:00,,,,4292,2.41,,, 
2018-05-09 00:00:00,,,,4488,2.67,,, 
2018-05-10 00:00:00,,,,4804,2.75,,, 
2018-05-11 00:00:00,,,,3807,2.13,,, 
2018-05-12 00:00:00,,,,5983,3.46,,, 
2018-05-13 00:00:00,,,,4469,2.84,,, 
2018-05-14 00:00:00,,,,7194,4.1,,, 
2018-05-15 00:00:00,,,,7568,4.3,,, 
2018-05-16 00:00:00,,,,7600,4.11,,, 
2018-05-17 00:00:00,,,,3973,2.27,,, 
2018-05-18 00:00:00,,,,4485,2.51,,, 
2018-05-19 00:00:00,,,,6669,3.86,,, 
2018-05-20 00:00:00,,,,3989,2.58,,, 
2018-05-21 00:00:00,,,,10264,5.13,,, 
2018-05-22 00:00:00,,,,8047,4.49,,, 
2018-05-23 00:00:00,,,,5563,3.23,,, 
2018-05-24 00:00:00,,,,5928,3.45,,, 
2018-05-25 00:00:00,,,,4229,2.71,,, 
2018-05-26 00:00:00,,,,9831,6.37,,, 
2018-05-27 00:00:00,,,,1611,0.957,,, 
2018-05-28 00:00:00,,,,6850,4.26,,, 
2018-05-29 00:00:00,,,,4080,2.37,,, 
2018-05-30 00:00:00,,,,4194,2.46,,, 
2018-05-31 00:00:00,,,,11811,7.07,,, 
2018-06-01 00:00:00,,,,7238,4.06,,, 
2018-06-02 00:00:00,,,,1981,1.24,,, 
2018-06-03 00:00:00,,,,3780,2.11,,, 
2018-06-04 00:00:00,,,,5320,2.96,,, 
2018-06-05 00:00:00,,,,11855,6.54,,, 
2018-06-06 00:00:00,,,,4868,2.84,,, 
2018-06-07 00:00:00,,,,5117,3.08,,, 
2018-06-08 00:00:00,,,,4541,2.79,,, 
2018-06-09 00:00:00,,,,6209,3.56,,, 
2018-06-10 00:00:00,,,,3875,2.41,,, 
2018-06-11 00:00:00,,,,1877,1.05,,, 
2018-06-12 00:00:00,,,,1964,1.18,,, 
2018-06-13 00:00:00,,,,876,0.522,,, 
2018-06-14 00:00:00,,,,7726,4.59,,, 
2018-06-15 00:00:00,,,,338,0.206,,, 
2018-06-16 00:00:00,,,,4547,2.79,,, 
2018-06-17 00:00:00,,,,126,0.077,,, 
2018-06-18 00:00:00,,,,5068,2.96,,, 
2018-06-19 00:00:00,,,,5912,3.19,,, 
2018-06-20 00:00:00,,,,4562,2.81,,, 
2018-06-21 00:00:00,,,,5894,3.18,,, 
2018-06-22 00:00:00,,,,5755,3.43,,, 
2018-06-23 00:00:00,,,,3964,2.25,,, 
2018-06-24 00:00:00,,,,3295,1.9,,, 
2018-06-25 00:00:00,,,,4383,2.61,,, 
2018-06-26 00:00:00,,,,10350,6.62,,, 
2018-06-27 00:00:00,,,,17602,10.45,,, 
2018-06-28 00:00:00,,,,12341,8.48,,, 
2018-06-29 00:00:00,,,,10694,6.51,,, 
2018-06-30 00:00:00,,,,6613,4.24,,, 
2018-07-01 00:00:00,,,,9866,7.41,,, 
2018-07-02 00:00:00,,,,16297,11.01,,, 
2018-07-03 00:00:00,,,,8233,5.61,,, 
2018-07-04 00:00:00,,,,5146,3.39,,, 
2018-07-05 00:00:00,,,,2697,1.84,,, 
2018-07-06 00:00:00,,,,12893,8.27,,, 
2018-07-07 00:00:00,,,,3431,2.02,,, 
2018-07-08 00:00:00,,,,3743,2.39,,, 
2018-07-09 00:00:00,,,,5289,3.18,,, 
2018-07-10 00:00:00,,,,2027,1.16,,, 
2018-07-11 00:00:00,,,,4397,2.98,,, 
2018-07-12 00:00:00,,,,4031,2.21,,, 
2018-07-13 00:00:00,,,,8698,5.35,,, 
2018-07-14 00:00:00,,,,6375,3.81,,, 
2018-07-15 00:00:00,,,,5925,3.71,,, 
2018-07-16 00:00:00,,,,5614,3.58,,, 
2018-07-17 00:00:00,,,,5964,3.63,,, 
2018-07-18 00:00:00,,,,14069,10.36,,, 
2018-07-19 00:00:00,,,,4832,3.39,,, 
2018-07-20 00:00:00,,,,9769,6.2,,, 
2018-07-21 00:00:00,,,,8375,4.76,,, 
2018-07-22 00:00:00,,,,4283,2.87,,, 
2018-07-23 00:00:00,,,,9223,5.03,,, 
2018-07-24 00:00:00,,,,3973,2.34,,, 
2018-07-25 00:00:00,,,,9149,5.69,,, 
2018-07-26 00:00:00,,,,7753,5.25,,, 
2018-07-27 00:00:00,,,,10142,6.93,,, 
2018-07-28 00:00:00,,,,6171,4.22,,, 
2018-07-29 00:00:00,,,,5686,3.34,,, 
2018-07-30 00:00:00,,,,4284,2.42,,, 
2018-07-31 00:00:00,,,,2671,1.79,,, 
2018-08-01 00:00:00,,,,15410,9.77,,, 
2018-08-02 00:00:00,,,,6734,3.73,,, 
2018-08-03 00:00:00,,,,2129,1.33,,, 
2018-08-04 00:00:00,,,,11692,6.99,,, 
2018-08-05 00:00:00,,,,2400,1.42,,, 
2018-08-06 00:00:00,,,,3963,2.16,,, 
2018-08-07 00:00:00,,,,21615,11.82,,, 
2018-08-08 00:00:00,,,,36330,19.87,,, 
2018-08-09 00:00:00,,,,29516,16.27,,, 
2018-08-10 00:00:00,,,,12082,6.6,,, 
2018-08-11 00:00:00,,,,33333,17.87,,, 
2018-08-12 00:00:00,,,,18849,10.32,,, 
2018-08-13 00:00:00,,,,11052,6.56,,, 
2018-08-14 00:00:00,,,,7903,4.64,,, 
2018-08-15 00:00:00,,,,7773,4.81,,, 
2018-08-16 00:00:00,,,,18547,11,,, 
2018-08-17 00:00:00,,,,20014,10.86,,, 
2018-08-18 00:00:00,,,,21403,11.74,,, 
2018-08-19 00:00:00,,,,15786,10.93,,, 
2018-08-20 00:00:00,,,,104,0.069,,, 
2018-08-21 00:00:00,,,,11036,6.43,,, 
2018-08-22 00:00:00,,,,18805,10.28,,, 
2018-08-23 00:00:00,,,,20777,11.23,,, 
2018-08-24 00:00:00,,,,23924,13.03,,, 
2018-08-25 00:00:00,,,,22747,12.49,,, 
2018-08-26 00:00:00,,,,12092,7.07,,, 
2018-08-27 00:00:00,,,,13654,7.69,,, 
2018-08-28 00:00:00,,,,14613,8.48,,, 
2018-08-29 00:00:00,,,,18686,10.24,,, 
2018-08-30 00:00:00,,,,10175,5.63,,, 
2018-08-31 00:00:00,,,,9946,5.67,,, 
2018-09-01 00:00:00,,,,508,0.307,,, 
2018-09-02 00:00:00,,,,561,0.348,,, 
2018-09-03 00:00:00,,,,5026,3.14,,, 
2018-09-04 00:00:00,,,,5337,3.1,,, 
2018-09-05 00:00:00,,,,5012,2.95,,, 
2018-09-06 00:00:00,,,,8908,5.1,,, 
2018-09-07 00:00:00,,,,4853,2.93,,, 
2018-09-08 00:00:00,,,,7423,4.68,,, 
2018-09-09 00:00:00,,,,1264,0.789,,, 
2018-09-10 00:00:00,,,,4276,2.7,,, 
2018-09-11 00:00:00,,,,4752,2.88,,, 
2018-09-12 00:00:00,,,,4764,2.7,,, 
2018-09-13 00:00:00,,,,4588,3.1,,, 
2018-09-14 00:00:00,,,,5139,3.08,,, 
2018-09-15 00:00:00,,,,4376,2.51,,, 
2018-09-16 00:00:00,,,,877,0.556,,, 
2018-09-17 00:00:00,,,,5297,3.44,,, 
2018-09-18 00:00:00,,,,5004,3.19,,, 
2018-09-19 00:00:00,,,,5704,3.72,,, 
2018-09-20 00:00:00,,,,6865,4.38,,, 
2018-09-21 00:00:00,,,,5444,3.21,,, 
2018-09-22 00:00:00,,,,5188,2.82,,, 
2018-09-23 00:00:00,,,,4632,4.33,,, 
2018-09-24 00:00:00,,,,5293,3.29,,, 
2018-09-25 00:00:00,,,,5462,3.3,,, 
2018-09-26 00:00:00,,,,5194,3.3,,, 
2018-09-27 00:00:00,,,,5331,3.25,,, 
2018-09-28 00:00:00,,,,4055,2.44,,, 
2018-09-29 00:00:00,,,,5062,3.03,,, 
2018-09-30 00:00:00,,,,5062,3.03,,, 
2018-10-01 00:00:00,,,,5062,3.03,,, 
2018-10-02 00:00:00,,,,5062,3.03,,, 
2018-10-03 00:00:00,,,,5062,3.03,,, 
2018-10-04 00:00:00,,,,5062,3.03,,, 
2018-10-05 00:00:00,,,,5062,3.03,,, 
2018-10-06 00:00:00,,,,5062,3.03,,, 
2018-10-07 00:00:00,,,,5062,3.03,,, 
2018-10-08 00:00:00,,,,5062,3.03,,, 
2018-10-09 00:00:00,,,,5062,3.03,,, 
2018-10-10 00:00:00,,,,5062,3.03,,, 
2018-10-11 00:00:00,,,,5202,3.1,,, 
2018-10-12 00:00:00,,,,6280,3.8,,, 
2018-10-13 00:00:00,,,,4632,2.8,,, 
2018-10-14 00:00:00,,,,4632,2.8,,, 
2018-10-15 00:00:00,,,,4632,2.8,,, 
2018-10-16 00:00:00,,,,6146,3.54,,, 
2018-10-17 00:00:00,,,,4837,3.28,,, 
2018-10-18 00:00:00,,,,5901,3.76,,, 
2018-10-19 00:00:00,,,,5901,3.76,,, 
2018-10-20 00:00:00,,,,5901,3.76,,, 
2018-10-21 00:00:00,,,,5901,3.76,,, 
2018-10-22 00:00:00,,,,5901,3.76,,, 
2018-10-23 00:00:00,,,,5901,3.76,,, 
2018-10-24 00:00:00,,,,5901,3.76,,, 
2018-10-25 00:00:00,,,,5554,3.59,,, 
2018-10-26 00:00:00,,,,3349,2.12,,, 
2018-10-27 00:00:00,,,,3349,2.12,,, 
2018-10-28 00:00:00,,,,3489,2.21,,, 
2018-10-29 00:00:00,,,,3349,2.12,,, 
2018-10-30 00:00:00,,,,2959,1.88,,, 
2018-10-31 00:00:00,,,,1717,1.07,,, 
2018-11-01 00:00:00,,,,5087,3.09,,, 
2018-11-02 00:00:00,,,,5087,3.09,,, 
2018-11-03 00:00:00,,,,5087,3.09,,, 
2018-11-04 00:00:00,,,,5087,3.09,,, 
2018-11-05 00:00:00,,,,5087,3.09,,, 
2018-11-06 00:00:00,,,,5087,3.09,,, 
2018-11-07 00:00:00,,,,5087,3.09,,, 
2018-11-08 00:00:00,,,,5087,3.09,,, 
2018-11-09 00:00:00,,,,5087,3.09,,, 
2018-11-10 00:00:00,,,,5087,3.09,,, 
2018-11-11 00:00:00,,,,5087,3.09,,, 
2018-11-12 00:00:00,,,,5087,3.09,,, 
2018-11-13 00:00:00,,,,5087,3.09,,, 
2018-11-14 00:00:00,,,,6023,3.68,,, 
2018-11-15 00:00:00,,,,5006,3.1,,, 
2018-11-16 00:00:00,,,,5006,3.1,,, 
2018-11-17 00:00:00,,,,5006,3.1,,, 
2018-11-18 00:00:00,,,,5006,3.1,,, 
2018-11-19 00:00:00,,,,5006,3.1,,, 
2018-11-20 00:00:00,,,,5006,3.1,,, 
2018-11-21 00:00:00,,,,5006,3.1,,, 
2018-11-22 00:00:00,,,,5006,3.1,,, 
2018-11-23 00:00:00,,,,5006,3.1,,, 
2018-11-24 00:00:00,,,,5006,3.1,,, 
2018-11-25 00:00:00,,,,5006,3.1,,, 
2018-11-26 00:00:00,,,,5006,3.1,,, 
2018-11-27 00:00:00,,,,5927,3.46,,, 
2018-11-28 00:00:00,,,,4976,2.99,,, 
2018-11-29 00:00:00,,,,4456,2.86,,, 
2018-11-30 00:00:00,,,,8391,5.63,,, 
2018-12-01 00:00:00,,,,4688,2.72,,, 
2018-12-02 00:00:00,,,,563,0.346,,, 
2018-12-03 00:00:00,,,,4758,2.81,,, 
2018-12-04 00:00:00,,,,5363,3.07,,, 
2018-12-05 00:00:00,,,,5620,3.32,,, 
2018-12-06 00:00:00,,,,4315,2.73,,, 
2018-12-07 00:00:00,,,,6032,3.92,,, 
2018-12-08 00:00:00,,,,5471,3.5,,, 
2018-12-09 00:00:00,,,,734.2,0.461,,, 
2018-12-10 00:00:00,,,,4645,2.59,,, 
2018-12-11 00:00:00,,,,5048,3.06,,, 
2018-12-12 00:00:00,,,,5317,3.22,,, 
2018-12-13 00:00:00,,,,4706,2.8,,, 
2018-12-14 00:00:00,,,,9645,6.32,,, 
2018-12-15 00:00:00,,,,3719,2.15,,, 
2018-12-16 00:00:00,,,,659,0.446,,, 
2018-12-17 00:00:00,,,,4299,2.33,,, 
2018-12-18 00:00:00,,,,7287,4.41,,, 
2018-12-19 00:00:00,,,,4873,2.75,,, 
2018-12-20 00:00:00,,,,4754,2.95,,, 
2018-12-21 00:00:00,,,,8703,5.57,,, 
2018-12-22 00:00:00,,,,8696,5.97,,, 
2018-12-23 00:00:00,,,,2519,1.41,,, 
2018-12-24 00:00:00,,,,7899,5.06,,, 
2018-12-25 00:00:00,,,,7300,5.11,,, 
2018-12-26 00:00:00,,,,6725,4.71,,, 
2018-12-27 00:00:00,,,,5812,3.91,,, 
2018-12-28 00:00:00,,,,7989,5.47,,, 
2018-12-29 00:00:00,,,,6603,4.77,,, 
2018-12-30 00:00:00,,,,5441,3.6,,, 
2018-12-31 00:00:00,,,,3779,2.45,,, 
2019-01-01 00:00:00,,,,2227,1.36,,, 
2019-01-02 00:00:00,,,,3019,1.83,,, 
2019-01-03 00:00:00,,,,1894,1.37,,, 
2019-01-04 00:00:00,,,,2149,1.5,,, 
2019-01-05 00:00:00,,,,5458,2.95,,, 
2019-01-06 00:00:00,,,,1724,1.16,,, 
2019-01-07 00:00:00,,,,4735,2.68,,, 
2019-01-08 00:00:00,,,,5260,3.08,,, 
2019-01-09 00:00:00,,,,4615,2.77,,, 
2019-01-10 00:00:00,,,,4832,2.81,,, 
2019-01-11 00:00:00,,,,6122,3.67,,, 
2019-01-12 00:00:00,,,,4371,2.3,,, 
2019-01-13 00:00:00,,,,1627,0.935,,, 
2019-01-14 00:00:00,,,,4027,2.36,,, 
2019-01-15 00:00:00,,,,6414,3.94,,, 
2019-01-16 00:00:00,,,,4979,3.07,,, 
2019-01-17 00:00:00,,,,5533,3.47,,, 
2019-01-18 00:00:00,,,,5403,3.15,,, 
2019-01-19 00:00:00,,,,6084,3.32,,, 
2019-01-20 00:00:00,,,,297,0.194,,, 
2019-01-21 00:00:00,,,,4731,2.72,,, 
2019-01-22 00:00:00,,,,5543,3.46,,, 
2019-01-23 00:00:00,,,,4945,3.1,,, 
2019-01-24 00:00:00,,,,3128,1.93,,, 
2019-01-25 00:00:00,,,,5520,3.43,,, 
2019-01-26 00:00:00,,,,8167,4.48,,, 
2019-01-27 00:00:00,,,,1563,1,,, 
2019-01-28 00:00:00,,,,4622,2.89,,, 
2019-01-29 00:00:00,,,,2253,1.32,,, 
2019-01-30 00:00:00,,,,6119,3.65,,, 
2019-01-31 00:00:00,,,,4705,2.84,,, 
2019-02-01 00:00:00,,,,4850,2.97,,, 
2019-02-02 00:00:00,,,,4913,2.88,,, 
2019-02-03 00:00:00,,,,263,0.182,,, 
2019-02-04 00:00:00,,,,4019,2.84,,, 
2019-02-05 00:00:00,,,,6248,4.08,,, 
2019-02-06 00:00:00,,,,5127,3.1,,, 
2019-02-07 00:00:00,,,,6543,3.81,,, 
2019-02-08 00:00:00,,,,5891,3.29,,, 
2019-02-09 00:00:00,,,,1736,0.959,,, 
2019-02-10 00:00:00,,,,285,0.168,,, 
2019-02-11 00:00:00,,,,5385,3.21,,, 
2019-02-12 00:00:00,,,,2199,1.38,,, 
2019-02-13 00:00:00,,,,5252,3.21,,, 
2019-02-14 00:00:00,,,,4718,2.86,,, 
2019-02-15 00:00:00,,,,5506,3.06,,, 
2019-02-16 00:00:00,,,,2420,1.41,,, 
2019-02-17 00:00:00,,,,414,0.285,,, 
2019-02-18 00:00:00,,,,7294,4.72,,, 
2019-02-19 00:00:00,,,,6584,4.02,,, 
2019-02-20 00:00:00,,,,7637,4.81,,, 
2019-02-21 00:00:00,,,,6816,3.83,,, 
2019-02-22 00:00:00,,,,6208,3.61,,, 
2019-02-23 00:00:00,,,,6350,3.6,,, 
2019-02-24 00:00:00,,,,1956,1.18,,, 
2019-02-25 00:00:00,,,,4633,2.77,,, 
2019-02-26 00:00:00,,,,8382,5.31,,, 
2019-02-27 00:00:00,,,,3905,2.55,,, 
2019-02-28 00:00:00,,,,7593,4.29,,, 
2019-03-01 00:00:00,,,,2010,1.31,,, 
2019-03-02 00:00:00,,,,1890,1.12,,, 
2019-03-03 00:00:00,,,,1025,0.644,,, 
2019-03-04 00:00:00,,,,4677,3.95,,, 
2019-03-05 00:00:00,,,,3258,2.04,,, 
2019-03-06 00:00:00,,,,6174,3.47,,, 
2019-03-07 00:00:00,,,,2501,1.5,,, 
2019-03-08 00:00:00,,,,3521,2.26,,, 
2019-03-09 00:00:00,,,,5690,3.27,,, 
2019-03-10 00:00:00,,,,2509,1.34,,, 
2019-03-11 00:00:00,,,,3942,2.24,,, 
2019-03-12 00:00:00,,,,1815,1.09,,, 
2019-03-13 00:00:00,,,,6339,4,,, 
2019-03-14 00:00:00,,,,4728,2.91,,, 
2019-03-15 00:00:00,,,,5808,3.71,,, 
2019-03-16 00:00:00,,,,4365,2.54,,, 
2019-03-17 00:00:00,,,,1197,0.727,,, 
2019-03-18 00:00:00,,,,6890,4.02,,, 
2019-03-19 00:00:00,,,,8125,4.9,,, 
2019-03-20 00:00:00,,,,5642,3.46,,, 
2019-03-21 00:00:00,,,,6334,3.47,,, 
2019-03-22 00:00:00,,,,7726,4.21,,, 
2019-03-23 00:00:00,,,,10091,6.44,,, 
2019-03-24 00:00:00,,,,836,0.506,,, 
2019-03-25 00:00:00,,,,5760,3.37,,, 
2019-03-26 00:00:00,,,,5383,3.3,,, 
2019-03-27 00:00:00,,,,5717,3.56,,, 
2019-03-28 00:00:00,,,,7900,4.53,,, 
2019-03-29 00:00:00,,,,5636,3.33,,, 
2019-03-30 00:00:00,,,,9916,5.57,,, 
2019-03-31 00:00:00,,,,216,0.154,,, 
2019-04-01 00:00:00,,,,5713,3.32,,, 
2019-04-02 00:00:00,,,,6742,4.13,,, 
2019-04-03 00:00:00,,,,5903,3.79,,, 
2019-04-04 00:00:00,,,,5424,3.23,,, 
2019-04-05 00:00:00,,,,5359,3.08,,, 
2019-04-06 00:00:00,,,,5859,3.24,,, 
2019-04-07 00:00:00,,,,845,0.581,,, 
2019-04-08 00:00:00,,,,7016,4.19,,, 
2019-04-09 00:00:00,,,,3364,2.13,,, 
2019-04-10 00:00:00,,,,6768,4.37,,, 
2019-04-11 00:00:00,,,,7277,4.15,,, 
2019-04-12 00:00:00,,,,5746,3.27,,, 
2019-04-13 00:00:00,,,,2817,1.54,,, 
2019-04-14 00:00:00,,,,1387,0.905,,, 
2019-04-15 00:00:00,,,,7714,5,,, 
2019-04-16 00:00:00,,,,6065,3.88,,, 
2019-04-17 00:00:00,,,,8165,5.16,,, 
2019-04-18 00:00:00,,,,5412,3.2,,, 
2019-04-19 00:00:00,,,,7635,4.74,,, 
2019-04-20 00:00:00,,,,4431,2.91,,, 
2019-04-21 00:00:00,,,,11110,6.16,,, 
2019-04-22 00:00:00,,,,23916,13.03,,, 
2019-04-23 00:00:00,,,,6326,3.47,,, 
2019-04-24 00:00:00,,,,2630,1.68,,, 
2019-04-25 00:00:00,,,,6590,3.73,,, 
2019-04-26 00:00:00,,,,3149,2.02,,, 
2019-04-27 00:00:00,,,,3257,2.04,,, 
2019-04-28 00:00:00,,,,763,0.516,,, 
2019-04-29 00:00:00,,,,1065,0.67,,, 
2019-04-30 00:00:00,,,,6428,3.69,,, 
2019-05-01 00:00:00,,,,2822,1.53,,, 
2019-05-02 00:00:00,,,,2053,1.22,,, 
2019-05-03 00:00:00,,,,395,0.263,,, 
2019-05-04 00:00:00,,,,4747,2.8,,, 
2019-05-05 00:00:00,,,,640,0.437,,, 
2019-05-06 00:00:00,,,,7776,4.82,,, 
2019-05-07 00:00:00,,,,8999,5.72,,, 
2019-05-08 00:00:00,,,,1273,0.715,,, 
2019-05-09 00:00:00,,,,5377,3.22,,, 
2019-05-10 00:00:00,,,,7510,4.61,,, 
2019-05-11 00:00:00,,,,3082,1.83,,, 
2019-05-12 00:00:00,,,,800,0.564,,, 
2019-05-13 00:00:00,,,,5710,3.58,,, 
2019-05-14 00:00:00,,,,4866,2.84,,, 
2019-05-15 00:00:00,,,,6178,3.9,,, 
2019-05-16 00:00:00,,,,4412,2.78,,, 
2019-05-17 00:00:00,,,,6869,4.4,,, 
2019-05-18 00:00:00,,,,4264,2.42,,, 
2019-05-19 00:00:00,,,,547,0.366,,, 
2019-05-20 00:00:00,,,,7235,4.47,,, 
2019-05-21 00:00:00,,,,8391,5.44,,, 
2019-05-22 00:00:00,,,,6189,3.94,,, 
2019-05-23 00:00:00,,,,6484,4.03,,, 
2019-05-24 00:00:00,,,,7799,5.13,,, 
2019-05-25 00:00:00,,,,3960,2.35,,, 
2019-05-26 00:00:00,,,,2989,1.7,,, 
2019-05-27 00:00:00,,,,6087,3.69,,, 
2019-05-28 00:00:00,,,,6010,3.67,,, 
2019-05-29 00:00:00,,,,5144,3.1,,, 
2019-05-30 00:00:00,,,,842,0.558,,, 
2019-05-31 00:00:00,,,,4459,2.84,,, 
2019-06-01 00:00:00,,,,1306,0.82,,, 
2019-06-02 00:00:00,,,,728,0.472,,, 
2019-06-03 00:00:00,,,,5898,3.75,,, 
2019-06-04 00:00:00,,,,8069,5.13,,, 
2019-06-05 00:00:00,,,,7041,4.37,,, 
2019-06-06 00:00:00,,,,5959,3.67,,, 
2019-06-07 00:00:00,,,,7272,4.56,,, 
2019-06-08 00:00:00,,,,6770,3.93,,, 
2019-06-09 00:00:00,,,,3081,1.69,,, 
2019-06-10 00:00:00,,,,759,0.504,,, 
2019-06-11 00:00:00,,,,4982,3.28,,, 
2019-06-12 00:00:00,,,,6763,4.38,,, 
2019-06-13 00:00:00,,,,7354,4.5,,, 
2019-06-14 00:00:00,,,,7078,4.53,,, 
2019-06-15 00:00:00,,,,4843,2.72,,, 
2019-06-16 00:00:00,,,,6441,4.22,,, 
2019-06-17 00:00:00,,,,5252,3.16,,, 
2019-06-18 00:00:00,,,,8417,5.53,,, 
2019-06-19 00:00:00,,,,10332,6.72,,, 
2019-06-20 00:00:00,,,,8060,5.07,,, 
2019-06-21 00:00:00,,,,10782,6.54,,, 
2019-06-22 00:00:00,,,,18963,11.79,,, 
2019-06-23 00:00:00,,,,4284,2.59,,, 
2019-06-24 00:00:00,,,,9689,7.01,,, 
2019-06-25 00:00:00,,,,5293,3.48,,, 
2019-06-26 00:00:00,,,,6693,4.27,,, 
2019-06-27 00:00:00,,,,9819,6.71,,, 
2019-06-28 00:00:00,,,,12563,8.33,,, 
2019-06-29 00:00:00,,,,12463,7.97,,, 
2019-06-30 00:00:00,,,,3610,2.19,,, 
2019-07-01 00:00:00,,,,1164,0.73,,, 
2019-07-02 00:00:00,,,,10023,7.11,,, 
2019-07-03 00:00:00,,,,2887,1.81,,, 
2019-07-04 00:00:00,,,,6830,4.92,,, 
2019-07-05 00:00:00,,,,3751,2.43,,, 
2019-07-06 00:00:00,,,,2930,1.67,,, 
2019-07-07 00:00:00,,,,5898,3.48,,, 
2019-07-08 00:00:00,,,,3163,1.82,,, 
2019-07-09 00:00:00,,,,2675,1.7,,, 
2019-07-10 00:00:00,,,,7222,4.27,,, 
2019-07-11 00:00:00,,,,2083,1.22,,, 
2019-07-12 00:00:00,,,,3377,2.13,,, 
2019-07-13 00:00:00,,,,5297,2.91,,, 
2019-07-14 00:00:00,,,,23693,14.01,,, 
2019-07-15 00:00:00,,,,6181,3.89,,, 
2019-07-16 00:00:00,,,,3620,2.15,,, 
2019-07-17 00:00:00,,,,1058,0.686,,, 
2019-07-18 00:00:00,,,,3755,2.27,,, 
2019-07-19 00:00:00,,,,3638,2.19,,, 
2019-07-20 00:00:00,,,,2000,1.25,,, 
2019-07-21 00:00:00,,,,2604,1.53,,, 
2019-07-22 00:00:00,,,,1522,0.991,,, 
2019-07-23 00:00:00,,,,10952,7.31,,, 
2019-07-24 00:00:00,,,,4967,2.94,,, 
2019-07-25 00:00:00,,,,3028,1.8,,, 
2019-07-26 00:00:00,,,,2708,1.67,,, 
2019-07-27 00:00:00,,,,5191,3.16,,, 
2019-07-28 00:00:00,,,,1644,0.993,,, 
2019-07-29 00:00:00,,,,16694,10.66,,, 
2019-07-30 00:00:00,,,,17311,9.53,,, 
2019-07-31 00:00:00,,,,14202,8.07,,, 
2019-08-01 00:00:00,,,,15423,9.13,,, 
2019-08-02 00:00:00,,,,6313,4.03,,, 
2019-08-03 00:00:00,,,,21290,11.56,,, 
2019-08-04 00:00:00,,,,3486,2.06,,, 
2019-08-05 00:00:00,,,,3915,2.23,,, 
2019-08-06 00:00:00,,,,5969,3.73,,, 
2019-08-07 00:00:00,,,,3949,2.21,,, 
2019-08-08 00:00:00,,,,20148,11.21,,, 
2019-08-09 00:00:00,,,,21034,11.32,,, 
2019-08-10 00:00:00,,,,19961,12.98,,, 
2019-08-11 00:00:00,,,,29814,16.87,,, 
2019-08-12 00:00:00,,,,11003,6.28,,, 
2019-08-13 00:00:00,,,,15564,8.79,,, 
2019-08-14 00:00:00,,,,15016,8.42,,, 
2019-08-15 00:00:00,,,,13445,8.03,,, 
2019-08-16 00:00:00,,,,12252,6.9,,, 
2019-08-17 00:00:00,,,,23710,13.29,,, 
2019-08-18 00:00:00,,,,18527,9.9,,, 
2019-08-19 00:00:00,,,,12935,7.83,,, 
2019-08-20 00:00:00,,,,25520,13.23,,, 
2019-08-21 00:00:00,,,,16481,9.32,,, 
2019-08-22 00:00:00,,,,15260,8.27,,, 
2019-08-23 00:00:00,,,,12909,8.4,,, 
2019-08-24 00:00:00,,,,14653,7.83,,, 
2019-08-25 00:00:00,,,,14988,9.16,,, 
2019-08-26 00:00:00,,,,7843,4.71,,, 
2019-08-27 00:00:00,,,,6038,3.6,,, 
2019-08-28 00:00:00,,,,11979,6.77,,, 
2019-08-29 00:00:00,,,,16335,11.69,,, 
2019-08-30 00:00:00,,,,8340,4.59,,, 
2019-08-31 00:00:00,,,,13904,7.8,,, 
2019-09-01 00:00:00,,,,10131,5.78,,, 
2019-09-02 00:00:00,,,,7195,3.91,,, 
2019-09-03 00:00:00,,,,5967,3.52,,, 
2019-09-04 00:00:00,,,,8919,5.98,,, 
2019-09-05 00:00:00,,,,3582,2.39,,, 
2019-09-06 00:00:00,,,,3613,2.11,,, 
2019-09-07 00:00:00,,,,6097,3.79,,, 
2019-09-08 00:00:00,,,,797,0.507,,, 
2019-09-09 00:00:00,,,,5733,3.52,,, 
2019-09-10 00:00:00,,,,4415,2.52,,, 
2019-09-11 00:00:00,,,,6277,3.65,,, 
2019-09-12 00:00:00,,,,8207,4.77,,, 
2019-09-13 00:00:00,,,,5001,2.75,,, 
2019-09-14 00:00:00,,,,6353,3.87,,, 
2019-09-15 00:00:00,,,,1442,0.831,,, 
2019-09-16 00:00:00,,,,8253,4.71,,, 
2019-09-17 00:00:00,,,,7000,4.4,,, 
2019-09-18 00:00:00,,,,5676,3.05,,, 
2019-09-19 00:00:00,,,,8747,5.11,,, 
2019-09-20 00:00:00,,,,6279,3.82,,, 
2019-09-21 00:00:00,,,,9892,6.51,,, 
2019-09-22 00:00:00,,,,1427,0.805,,, 
2019-09-23 00:00:00,,,,6842,4.02,,, 
2019-09-24 00:00:00,,,,3579,2.06,,, 
2019-09-25 00:00:00,,,,5463,2.98,,, 
2019-09-26 00:00:00,,,,7650,4.46,,, 
2019-09-27 00:00:00,,,,5333,3.18,,, 
2019-09-28 00:00:00,,,,4557,2.64,,, 
2019-09-29 00:00:00,,,,2374,1.3,,, 
2019-09-30 00:00:00,,,,6392,3.65,,, 
2019-10-01 00:00:00,,,,6157,3.45,,, 
2019-10-02 00:00:00,,,,6384,3.67,,, 
2019-10-03 00:00:00,,,,6963,4.03,,, 
2019-10-04 00:00:00,,,,4274,2.4,,, 
2019-10-05 00:00:00,,,,13679,8.02,,, 
2019-10-06 00:00:00,,,,2504,1.43,,, 
2019-10-07 00:00:00,,,,6088,3.37,,, 
2019-10-08 00:00:00,,,,5712,3.08,,, 
2019-10-09 00:00:00,,,,5985,3.36,,, 
2019-10-10 00:00:00,,,,6830,4.36,,, 
2019-10-11 00:00:00,,,,6234,3.73,,, 
2019-10-12 00:00:00,,,,5308,3.33,,, 
2019-10-13 00:00:00,,,,1544,0.892,,, 
2019-10-14 00:00:00,,,,5905,3.24,,, 
2019-10-15 00:00:00,,,,6094,3.8,,, 
2019-10-16 00:00:00,,,,7813,4.71,,, 
2019-10-17 00:00:00,,,,10674,6.16,,, 
2019-10-18 00:00:00,,,,5033,3.01,,, 
2019-10-19 00:00:00,,,,8676,5.64,,, 
2019-10-20 00:00:00,,,,2380,1.48,,, 
2019-10-21 00:00:00,,,,7660,4.59,,, 
2019-10-22 00:00:00,,,,6575,3.83,,, 
2019-10-23 00:00:00,,,,488,0.313,,, 
2019-10-24 00:00:00,,,,5079,3.2,,, 
2019-10-25 00:00:00,,,,1788,1.06,,, 
2019-10-26 00:00:00,,,,4588,2.76,,, 
2019-10-27 00:00:00,,,,906,0.691,,, 
2019-10-28 00:00:00,,,,474,0.321,,, 
2019-10-29 00:00:00,,,,10971,6.32,,, 
2019-10-30 00:00:00,,,,3243,2.18,,, 
2019-10-31 00:00:00,,,,5209,3.56,,, 
2019-11-01 00:00:00,,,,2208,1.33,,, 
2019-11-02 00:00:00,,,,552,0.363,,, 
2019-11-03 00:00:00,,,,1442,0.863,,, 
2019-11-04 00:00:00,,,,5525,3.02,,, 
2019-11-05 00:00:00,,,,5119,2.81,,, 
2019-11-06 00:00:00,,,,7917,4.39,,, 
2019-11-07 00:00:00,,,,6804,4.11,,, 
2019-11-08 00:00:00,,,,4160,2.35,,, 
2019-11-09 00:00:00,,,,5257,3.18,,, 
2019-11-10 00:00:00,,,,10887,13.38,,, 
2019-11-11 00:00:00,,,,1672,1.02,,, 
2019-11-12 00:00:00,,,,5918,3.32,,, 
2019-11-13 00:00:00,,,,8081,5.48,,, 
2019-11-14 00:00:00,,,,6640,3.84,,, 
2019-11-15 00:00:00,,,56.36,5412,3.15,,, 
2019-11-16 00:00:00,,,,4594,2.74,,, 
2019-11-17 00:00:00,,,,1019,0.617,,, 
2019-11-18 00:00:00,,,,5241,2.82,,, 
2019-11-19 00:00:00,,,,4795,2.59,,, 
2019-11-20 00:00:00,,,,8040,4.5,,, 
2019-11-21 00:00:00,,,,7183,4.52,,, 
2019-11-22 00:00:00,,,,5577,3.32,,, 
2019-11-23 00:00:00,,,,6694,4.01,,, 
2019-11-24 00:00:00,,,,1058,0.671,,, 
2019-11-25 00:00:00,,,,5219,3.39,,, 
2019-11-26 00:00:00,,,,8415,5.58,,, 
2019-11-27 00:00:00,,,,7654,4.65,,, 
2019-11-28 00:00:00,,,,7449,4.4,,, 
2019-11-29 00:00:00,,,,4005,2.31,,, 
2019-11-30 00:00:00,,,,5241,3.2,,, 
2019-12-01 00:00:00,,,,821,0.498,,, 
2019-12-02 00:00:00,,,,6134,3.35,,, 
2019-12-03 00:00:00,,,,5359,3.43,,, 
2019-12-04 00:00:00,,,,6819,3.9,,, 
2019-12-05 00:00:00,,,,5864,3.65,,, 
2019-12-06 00:00:00,,,,4254,2.44,,, 
2019-12-07 00:00:00,,,,5460,3.15,,, 
2019-12-08 00:00:00,,,,3082,1.9,,, 
2019-12-09 00:00:00,,,,5746,3.3,,, 
2019-12-10 00:00:00,,,,5823,3.41,,, 
2019-12-11 00:00:00,,,,7589,4.41,,, 
2019-12-12 00:00:00,,,,9640,6.09,,, 
2019-12-13 00:00:00,,,,6549,3.79,,, 
2019-12-14 00:00:00,,,,5265,3.22,,, 
2019-12-15 00:00:00,,,,1072,0.627,,, 
2019-12-16 00:00:00,,,,4927,2.77,,, 
2019-12-17 00:00:00,,,,6955,3.88,,, 
2019-12-18 00:00:00,,,,9593,5.44,,, 
2019-12-19 00:00:00,,,,6410,3.86,,, 
2019-12-20 00:00:00,,,,12004,8.22,,, 
2019-12-21 00:00:00,,,,3803,2.21,,, 
2019-12-22 00:00:00,,,,1408,0.877,,, 
2019-12-23 00:00:00,,,,6853,3.62,,, 
2019-12-24 00:00:00,,,,3676,2.28,,, 
2019-12-25 00:00:00,,,,1080,0.605,,, 
2019-12-26 00:00:00,,,,12076,6.39,,, 
2019-12-27 00:00:00,,,,2680,1.68,,, 
2019-12-28 00:00:00,,,,4872,3.36,,, 
2019-12-29 00:00:00,,,,7520,3.75,,, 
2019-12-30 00:00:00,,,,2517,1.47,,, 
2019-12-31 00:00:00,,,,5140,3.14,,, 
2020-01-01 00:00:00,,,,4198,2.99,,, 
2020-01-02 00:00:00,,,,822,0.469,,, 
2020-01-03 00:00:00,,,,3079,1.79,,, 
2020-01-04 00:00:00,,,,3241,2.09,,, 
2020-01-05 00:00:00,,,,1915,1.16,,, 
2020-01-06 00:00:00,,,,5325,2.95,,, 
2020-01-07 00:00:00,,,,5124,2.82,,, 
2020-01-08 00:00:00,,,,6014,3.26,,, 
2020-01-09 00:00:00,,,,6545,3.7,,, 
2020-01-10 00:00:00,,,,4816,2.67,,, 
2020-01-11 00:00:00,,,,5601,3.2,,, 
2020-01-12 00:00:00,,,,1440,0.81,,, 
2020-01-13 00:00:00,,,,5420,2.86,,, 
2020-01-14 00:00:00,,,,5776,3.19,,, 
2020-01-15 00:00:00,,,,7440,4.12,,, 
2020-01-16 00:00:00,,,,7052,4.32,,, 
2020-01-17 00:00:00,,,,7266,4.7,,, 
2020-01-18 00:00:00,,,,6361,3.58,,, 
2020-01-19 00:00:00,,,,1330,0.81,,, 
2020-01-20 00:00:00,,,,5330,3.11,,, 
2020-01-21 00:00:00,,,,5460,3.17,,, 
2020-01-22 00:00:00,,,,8027,4.77,,, 
2020-01-23 00:00:00,,,,11168,7.11,,, 
2020-01-24 00:00:00,,,,6445,3.6,,, 
2020-01-25 00:00:00,,,,2069,1.15,,, 
2020-01-26 00:00:00,,,,2826,1.55,,, 
2020-01-27 00:00:00,,,,5221,2.87,,, 
2020-01-28 00:00:00,,,,5209,2.79,,, 
2020-01-29 00:00:00,,,,6276,3.56,,, 
2020-01-30 00:00:00,,,,7654,4.46,,, 
2020-01-31 00:00:00,,,,5622,3.45,,, 
2020-02-01 00:00:00,,,,4816,2.97,,, 
2020-02-02 00:00:00,,,,2122,1.22,,, 
2020-02-03 00:00:00,,,,5915,3.66,,, 
2020-02-04 00:00:00,,,,5356,3.13,,, 
2020-02-05 00:00:00,,,,10406,7.05,,, 
2020-02-06 00:00:00,,,,8093,4.46,,, 
2020-02-07 00:00:00,,,,7337,4.41,,, 
2020-02-08 00:00:00,,,,4294,2.46,,, 
2020-02-09 00:00:00,,,,786,0.517,,, 
2020-02-10 00:00:00,,,,554,0.346,,, 
2020-02-11 00:00:00,,,,6044,4.1,,, 
2020-02-12 00:00:00,,,,1962,1.2,,, 
2020-02-13 00:00:00,,,,3769,2.16,,, 
2020-02-14 00:00:00,,,,2546,1.61,,, 
2020-02-15 00:00:00,,,,6919,4.13,,, 
2020-02-16 00:00:00,,,,527,0.328,,, 
2020-02-17 00:00:00,,,,359,0.239,,, 
2020-02-18 00:00:00,,,,2652,1.7,,, 
2020-02-19 00:00:00,,,,3295,2.11,,, 
2020-02-20 00:00:00,,,,1157,0.69,,, 
2020-02-21 00:00:00,,,,580,0.363,,, 
2020-02-22 00:00:00,,,,3798,2.33,,, 
2020-02-23 00:00:00,,,,2919,1.71,,, 
2020-02-24 00:00:00,,,,4984,2.73,,, 
2020-02-25 00:00:00,,,,3738,2.08,,, 
2020-02-26 00:00:00,,,,6986,4.35,,, 
2020-02-27 00:00:00,,,,5280,3.02,,, 
2020-02-28 00:00:00,,,,5703,3.14,,, 
2020-02-29 00:00:00,,,,3772,2.05,,, 
2020-03-01 00:00:00,,,,3343,2.06,,, 
2020-03-02 00:00:00,,,,4193,2.4,,, 
2020-03-03 00:00:00,,,,5875,3.42,,, 
2020-03-04 00:00:00,,,,5430,3.35,,, 
2020-03-05 00:00:00,,,,4557,2.75,,, 
2020-03-06 00:00:00,,,,4471,2.65,,, 
2020-03-07 00:00:00,,,,2383,1.48,,, 
2020-03-08 00:00:00,,,,822,0.466,,, 
2020-03-09 00:00:00,,,,6058,3.45,,, 
2020-03-10 00:00:00,,,,4752,2.53,,, 
2020-03-11 00:00:00,,,,6255,3.51,,, 
2020-03-12 00:00:00,,,,7501,4.47,,, 
2020-03-13 00:00:00,,,,11818,6.93,,, 
2020-03-14 00:00:00,,,,6290,4.06,,, 
2020-03-15 00:00:00,,,,706,0.465,,, 
2020-03-16 00:00:00,,,,413,0.274,,, 
2020-03-17 00:00:00,,,,5116,4.03,,, 
2020-03-18 00:00:00,,,,352,0.237,,, 
2020-03-19 00:00:00,,,,835,0.581,,, 
2020-03-20 00:00:00,,,,443,0.277,,, 
2020-03-21 00:00:00,,,,713,0.428,,, 
2020-03-22 00:00:00,,,,2135,1.29,,, 
2020-03-23 00:00:00,,,,669,0.422,,, 
2020-03-24 00:00:00,,,,903,0.581,,, 
2020-03-25 00:00:00,,,,2199,1.4,,, 
2020-03-26 00:00:00,,,,982,0.575,,, 
2020-03-27 00:00:00,,,,665,0.417,,, 
2020-03-28 00:00:00,,,,944,0.555,,, 
2020-03-29 00:00:00,,,,1423,0.809,,, 
2020-03-30 00:00:00,,,,1658,1.13,,, 
2020-03-31 00:00:00,,,,370,0.254,,, 
2020-04-01 00:00:00,,,,753,0.523,,, 
2020-04-02 00:00:00,,,,615,0.4,,, 
2020-04-03 00:00:00,,,,591,0.36,,, 
2020-04-04 00:00:00,,,,683,0.412,,, 
2020-04-05 00:00:00,,,,940,0.55,,, 
2020-04-06 00:00:00,,,,576,0.362,,, 
2020-04-07 00:00:00,,,,600.37,0.387,,, 
2020-04-08 00:00:00,,,,649.63,0.368,,, 
2020-04-09 00:00:00,,,,382,0.237,,, 
2020-04-10 00:00:00,,,,731,0.45,,, 
2020-04-11 00:00:00,,,,1097,0.648,,, 
2020-04-12 00:00:00,,,,517,0.307,,, 
2020-04-13 00:00:00,,,,674,0.394,,, 
2020-04-14 00:00:00,,,,480,0.296,,, 
2020-04-15 00:00:00,,,,166,0.096,,, 
2020-04-16 00:00:00,,,,895,0.528,,, 
2020-04-17 00:00:00,,,,421,0.249,,, 
2020-04-18 00:00:00,,,,922,0.578,,, 
2020-04-19 00:00:00,,,,1008,0.625,,, 
2020-04-20 00:00:00,,,,447,0.303,,, 
2020-04-21 00:00:00,,,,575,0.348,,, 
2020-04-22 00:00:00,,,,232,0.131,,, 
2020-04-23 00:00:00,,,,758,0.446,,, 
2020-04-24 00:00:00,,,,574,0.316,,, 
2020-04-25 00:00:00,,,,747,0.457,,, 
2020-04-26 00:00:00,,,,812,0.497,,, 
2020-04-27 00:00:00,,,,718,0.415,,, 
2020-04-28 00:00:00,,,,749,0.443,,, 
2020-04-29 00:00:00,,,,397,0.23,,, 
2020-04-30 00:00:00,,,,750,0.423,,, 
2020-05-01 00:00:00,,,,879,0.533,,, 
2020-05-02 00:00:00,,,,548,0.308,,, 
2020-05-03 00:00:00,,,,744,0.472,,, 
2020-05-04 00:00:00,,,,742,0.417,,, 
2020-05-05 00:00:00,,,,414,0.249,,, 
2020-05-06 00:00:00,,,,273.67,0.165,,, 
2020-05-07 00:00:00,,,,394.33,0.232,,, 
2020-05-08 00:00:00,,,,801,0.465,,, 
2020-05-09 00:00:00,,,,461,0.267,,, 
2020-05-10 00:00:00,,,,799,0.433,,, 
2020-05-11 00:00:00,,,,1074,0.615,,, 
2020-05-12 00:00:00,,,,821,0.475,,, 
2020-05-13 00:00:00,,,,489,0.306,,, 
2020-05-14 00:00:00,,,,269,0.157,,, 
2020-05-15 00:00:00,,,,335,0.21,,, 
2020-05-16 00:00:00,,,,1673,0.936,,, 
2020-05-17 00:00:00,,,,509.27,0.343,,, 
2020-05-18 00:00:00,,,,305.73,0.196,,, 
2020-05-19 00:00:00,,,,841,0.477,,, 
2020-05-20 00:00:00,,,,715,0.387,,, 
2020-05-21 00:00:00,,,,979,0.559,,, 
2020-05-22 00:00:00,,,,1659,0.919,,, 
2020-05-23 00:00:00,,,,406,0.242,,, 
2020-05-24 00:00:00,,,,5362,2.89,,, 
2020-05-25 00:00:00,,,,703,0.434,,, 
2020-05-26 00:00:00,,,,806,0.535,,, 
2020-05-27 00:00:00,,,,482,0.337,,, 
2020-05-28 00:00:00,,,,2817,1.93,,, 
2020-05-29 00:00:00,,,,712,0.447,,, 
2020-05-30 00:00:00,,,,7486,4.26,,, 
2020-05-31 00:00:00,,,,1655,0.959,,, 
2020-06-01 00:00:00,,,,1088,0.621,,, 
2020-06-02 00:00:00,,,,1034,0.631,,, 
2020-06-03 00:00:00,,,,609,0.357,,, 
2020-06-04 00:00:00,,,,326,0.182,,, 
2020-06-05 00:00:00,,,,899,0.547,,, 
2020-06-06 00:00:00,,,,6950,3.82,,, 
2020-06-07 00:00:00,,,,1210,0.772,,, 
2020-06-08 00:00:00,,,,916,0.558,,, 
2020-06-09 00:00:00,,,,725,0.431,,, 
2020-06-10 00:00:00,,,,313,0.188,,, 
2020-06-11 00:00:00,,,,426,0.258,,, 
2020-06-12 00:00:00,,,,1718,1.01,,, 
2020-06-13 00:00:00,,,,2797,1.62,,, 
2020-06-14 00:00:00,,,,2225,1.18,,, 
2020-06-15 00:00:00,,,,1585,0.895,,, 
2020-06-16 00:00:00,,,,744,0.438,,, 
2020-06-17 00:00:00,,,,263,0.169,,, 
2020-06-18 00:00:00,,,,366,0.248,,, 
2020-06-19 00:00:00,,,,759,0.476,,, 
2020-06-20 00:00:00,,,,2388,1.53,,, 
2020-06-21 00:00:00,,,,13187,9.21,,, 
2020-06-22 00:00:00,,,,13059,9.11,,, 
2020-06-23 00:00:00,,,,8260,5.69,,, 
2020-06-24 00:00:00,,,,9008,5.65,,, 
2020-06-25 00:00:00,,,,7670,5.47,,, 
2020-06-26 00:00:00,,,,10840,7.27,,, 
2020-06-27 00:00:00,,,,9697,5.82,,, 
2020-06-28 00:00:00,,,,6049,3.61,,, 
2020-06-29 00:00:00,,,,12275,7.4,,, 
2020-06-30 00:00:00,,,,9143,5.27,,, 
2020-07-01 00:00:00,,,,8710,5.2,,, 
2020-07-02 00:00:00,,,,7430,5.19,,, 
2020-07-03 00:00:00,,,,8917,6.24,,, 
2020-07-04 00:00:00,,,,7190,4.74,,, 
2020-07-05 00:00:00,,,,1155,0.674,,, 
2020-07-06 00:00:00,,,,9081,6.25,,, 
2020-07-07 00:00:00,,,,8126,4.93,,, 
2020-07-08 00:00:00,,,,9764,6.93,,, 
2020-07-09 00:00:00,,,,8452,5.17,,, 
2020-07-10 00:00:00,,,,8185,4.87,,, 
2020-07-11 00:00:00,,,,7856,4.51,,, 
2020-07-12 00:00:00,,,,2391,1.42,,, 
2020-07-13 00:00:00,,,,8993,5.1,,, 
2020-07-14 00:00:00,,,,7501,4.21,,, 
2020-07-15 00:00:00,,,,9213,5.58,,, 
2020-07-16 00:00:00,,,,1898,1.31,,, 
2020-07-17 00:00:00,,,,5239,3.44,,, 
2020-07-18 00:00:00,,,,702,0.417,,, 
2020-07-19 00:00:00,,,,9333,5.99,,, 
2020-07-20 00:00:00,,,,3115,2.21,,, 
2020-07-21 00:00:00,,,,3124,1.82,,, 
2020-07-22 00:00:00,,,,3343,2.19,,, 
2020-07-23 00:00:00,,,,16387,12.33,,, 
2020-07-24 00:00:00,,,,11506,8.15,,, 
2020-07-25 00:00:00,,,,6600,4.12,,, 
2020-07-26 00:00:00,,,,4997,3.35,,, 
2020-07-27 00:00:00,,,,4381,3.4,,, 
2020-07-28 00:00:00,,,,9025,5.61,,, 
2020-07-29 00:00:00,,,,5399,3.22,,, 
2020-07-30 00:00:00,,,,2363,1.29,,, 
2020-07-31 00:00:00,,,,1788,1.13,,, 
2020-08-01 00:00:00,,,,2454,1.63,,, 
2020-08-02 00:00:00,,,,2899,1.76,,, 
2020-08-03 00:00:00,,,,1368,0.865,,, 
2020-08-04 00:00:00,,,,582,0.382,,, 
2020-08-05 00:00:00,,,,1355,0.855,,, 
2020-08-06 00:00:00,,,,1585,0.988,,, 
2020-08-07 00:00:00,,,,3586,2.38,,, 
2020-08-08 00:00:00,,,,3194,2,,, 
2020-08-09 00:00:00,,,,2504,1.54,,, 
2020-08-10 00:00:00,,,,446,0.276,,, 
2020-08-11 00:00:00,,,,1087,0.654,,, 
2020-08-12 00:00:00,,,,2335,1.47,,, 
2020-08-13 00:00:00,,,,702,0.415,,, 
2020-08-14 00:00:00,,,,748,0.466,,, 
2020-08-15 00:00:00,,,,8165,4.93,,, 
2020-08-16 00:00:00,,,,4323,2.54,,, 
2020-08-17 00:00:00,,,,10472,6.05,,, 
2020-08-18 00:00:00,,,,5302,3.24,,, 
2020-08-19 00:00:00,,,,948,0.591,,, 
2020-08-20 00:00:00,,,,7201,4.43,,, 
2020-08-21 00:00:00,,,,8048,4.86,,, 
2020-08-22 00:00:00,,,,1301,0.767,,, 
2020-08-23 00:00:00,,,,1246,0.696,,, 
2020-08-24 00:00:00,,,,8673,4.97,,, 
2020-08-25 00:00:00,,,,3213,1.9,,, 
2020-08-26 00:00:00,,,,4855,3.06,,, 
2020-08-27 00:00:00,,,,434,0.292,,, 
2020-08-28 00:00:00,,,,9814,5.79,,, 
2020-08-29 00:00:00,,,,7607,4.19,,, 
2020-08-30 00:00:00,,,,1315,0.786,,, 
2020-08-31 00:00:00,,,,4151,2.33,,, 
2020-09-01 00:00:00,,,53.27,1150,0.741,,, 
2020-09-02 00:00:00,,,64.73,8878,5.79,,, 
2020-09-03 00:00:00,,,,518,0.356,,, 
2020-09-04 00:00:00,,,,9220,5.04,,, 
2020-09-05 00:00:00,,,,4223,2.33,,, 
2020-09-06 00:00:00,,,,6606,3.86,,, 
2020-09-07 00:00:00,,,,4969,2.93,,, 
2020-09-08 00:00:00,,,,5116,2.79,,, 
2020-09-09 00:00:00,,,,498,0.329,,, 
2020-09-10 00:00:00,,,,889,0.585,,, 
2020-09-11 00:00:00,,,,3030,1.75,,, 
2020-09-12 00:00:00,,,64.89,9264,5.32,,, 
2020-09-13 00:00:00,,,,4669,2.56,,, 
2020-09-14 00:00:00,,,43.85,7617,4.25,,, 
2020-09-15 00:00:00,,,58.54,5096,2.86,,, 
2020-09-16 00:00:00,,,,461,0.305,,, 
2020-09-17 00:00:00,,,,520,0.345,,, 
2020-09-18 00:00:00,,,,3967,2.35,,, 
2020-09-19 00:00:00,,,,7518,4.13,,, 
2020-09-20 00:00:00,,,75.19,8407,4.55,,, 
2020-09-21 00:00:00,,,,3839,2.05,,, 
2020-09-22 00:00:00,,,,2364,1.39,,, 
2020-09-23 00:00:00,,,,2900,1.78,,, 
2020-09-24 00:00:00,,,,3939,2.25,,, 
2020-09-25 00:00:00,,,60.99,811,0.566,,, 
2020-09-26 00:00:00,,,,1096,0.667,,, 
2020-09-27 00:00:00,,,,595,0.358,,, 
2020-09-28 00:00:00,,,,3409,1.88,,, 
2020-09-29 00:00:00,,,,6004,3.39,,, 
2020-09-30 00:00:00,,,,448,0.294,,, 
2020-10-01 00:00:00,,,56.77,431,0.307,,, 
2020-10-02 00:00:00,,,47.47,9293,5.19,,, 
2020-10-03 00:00:00,,,56.33,3730,2.23,,, 
2020-10-04 00:00:00,,,,660,0.38,,, 
2020-10-05 00:00:00,,,,4927,3.06,,, 
2020-10-06 00:00:00,,,,495,0.328,,, 
2020-10-07 00:00:00,,,53.55,348,0.23,,, 
2020-10-08 00:00:00,,,,354,0.246,,, 
2020-10-09 00:00:00,,,,1559,1.12,,, 
2020-10-10 00:00:00,,,,3080,1.86,,, 
2020-10-11 00:00:00,,,62.74,1204,0.773,,, 
2020-10-12 00:00:00,,,70.24,491,0.301,,, 
2020-10-13 00:00:00,,,,425,0.297,,, 
2020-10-14 00:00:00,,,,266,0.188,,, 
2020-10-15 00:00:00,,,,1344,0.891,,, 
2020-10-16 00:00:00,,,,1590,1.1,,, 
2020-10-17 00:00:00,,,,3529,1.96,,, 
2020-10-18 00:00:00,,,77.49,546,0.379,,, 
2020-10-19 00:00:00,,,,419,0.288,,, 
2020-10-20 00:00:00,,,,4036,2.24,,, 
2020-10-21 00:00:00,,,,798,0.51,,, 
2020-10-22 00:00:00,,,,542,0.366,,, 
2020-10-23 00:00:00,,,,427,0.296,,, 
2020-10-24 00:00:00,,,,10183,6.06,,, 
2020-10-25 00:00:00,,,,902,0.566,,, 
2020-10-26 00:00:00,,,,3270,2.12,,, 
2020-10-27 00:00:00,,,,673,0.398,,, 
2020-10-28 00:00:00,,,,3197,1.97,,, 
2020-10-29 00:00:00,,,,1101,0.669,,, 
2020-10-30 00:00:00,,,,1146,0.745,,, 
2020-10-31 00:00:00,,,,5918,3.33,,, 
2020-11-01 00:00:00,,,,373,0.255,,, 
2020-11-02 00:00:00,,,63.14,1155,0.747,,, 
2020-11-03 00:00:00,,,,341,0.226,,, 
2020-11-04 00:00:00,,,,1356,0.926,,, 
2020-11-05 00:00:00,,,72.56,719.03,0.473,,4.27,65 
2020-11-06 00:00:00,,,,725,0.527,,5,63 
2020-11-07 00:00:00,,,,812,0.544,,3.38,62 
2020-11-08 00:00:00,,,72.37,591,0.394,,3.53,64 
2020-11-09 00:00:00,,,65.84,603,0.406,,3.67,62 
2020-11-10 00:00:00,,,54.24,1195,0.795,42,3.4,61.8 
2020-11-11 00:00:00,,,56.33,1933,1.28,0.5,4.3,70 
2020-11-12 00:00:00,,,,2875,1.92,0.25,4.41,72.18 
2020-11-13 00:00:00,,,,1432,0.894,,4.13,74.2 
2020-11-14 00:00:00,,,,547,0.362,,3.74,64.5 
2020-11-15 00:00:00,,,53.53,969,0.684,,5.87,69 
2020-11-16 00:00:00,,,50.74,464,0.313,,3.98,69 
2020-11-17 00:00:00,,,49.91,539,0.329,,4.1,72.5 
2020-11-18 00:00:00,,,50.83,807,0.52,,3.83,67 
2020-11-19 00:00:00,,,54.5,1005,0.675,,4.54,78 
2020-11-20 00:00:00,,,,414,0.291,,5.2,80.5 
2020-11-21 00:00:00,,,,906,0.618,0,5.11,81 
2020-11-22 00:00:00,,,50.34,1092,0.659,,3.62,57.33 
2020-11-23 00:00:00,,,69.45,580,0.368,,, 
2020-11-24 00:00:00,,,49.56,721,0.453,,, 
2020-11-25 00:00:00,,,51.84,328,0.203,,, 
2020-11-26 00:00:00,,,1.51,239,0.135,,, 
2020-11-27 00:00:00,,,,204,0.128,,, 
2020-11-28 00:00:00,,,53.16,2539,1.55,0.75,4.3,66.73 
2020-11-29 00:00:00,,,58.32,801,0.528,,2.3,54 
2020-11-30 00:00:00,,,48.59,303,0.18,,, 
2020-12-01 00:00:00,,,56.79,289,0.178,,3.56,52 
2020-12-02 00:00:00,,,40.23,1800,1.16,4,3.58,58 
2020-12-03 00:00:00,,,86.62,288,0.195,,4.18,77 
2020-12-04 00:00:00,,,,561,0.369,,3.78,75 
2020-12-05 00:00:00,,,,2074,1.28,0.2,4.86,76.38 
2020-12-06 00:00:00,,,71.34,1434,0.846,,4.1,67 
2020-12-07 00:00:00,,,,563,0.384,,, 
2020-12-08 00:00:00,,,,559,0.388,,5.22,79.5 
2020-12-09 00:00:00,,,66.81,708,0.462,,, 
2020-12-10 00:00:00,,,84.94,4111,2.57,0.625,4.69,73.5 
2020-12-11 00:00:00,,,21.75,489,0.335,,, 
2020-12-12 00:00:00,,,78.88,3473,2.14,3.43,4.55,72.11 
2020-12-13 00:00:00,,,43.83,439,0.29,,3.56,60 
2020-12-14 00:00:00,,,71.28,1727,1.11,0,4.49,69.8 
2020-12-15 00:00:00,,,42.94,567,0.36,,3.13,63 
2020-12-16 00:00:00,,,,347,0.225,,, 
2020-12-17 00:00:00,,,43.36,1808,1.04,0,4.24,65.86 
2020-12-18 00:00:00,,,52.7,627,0.407,,, 
2020-12-19 00:00:00,,,,1425,0.888,0.25,4.56,70.4 
2020-12-20 00:00:00,,,,776,0.557,,, 
2020-12-21 00:00:00,,,,5970,3.26,27.9,3.39,59.93 
2020-12-22 00:00:00,,,,5561,3.12,9.07,4.03,68.05 
2020-12-23 00:00:00,,,55.99,911,0.553,,3.54,63 
2020-12-24 00:00:00,,,80.31,1005,0.67,,4.1,66.17 
2020-12-25 00:00:00,,,,2226,1.27,,3.77,59.67 
2020-12-26 00:00:00,,,46.17,327,0.228,,3.35,55 
2020-12-27 00:00:00,,,35.18,159,0.105,,3.42,70 
2020-12-28 00:00:00,,,40.78,369,0.263,,4.28,69 
2020-12-29 00:00:00,,,,465,0.318,,4.36,64.5 
2020-12-30 00:00:00,,,71.27,5663,3.36,6.79,3.8,64.1 
2020-12-31 00:00:00,,,,2056,1.19,0,3.73,60.44 
2021-01-01 00:00:00,,,,1298,0.744,,3.38,59.75 
2021-01-02 00:00:00,,,43.75,331,0.234,,4.21,67 
2021-01-03 00:00:00,,,60.48,390,0.254,,4.18,64 
2021-01-04 00:00:00,,,51.27,567,0.375,,5.15,83 
2021-01-05 00:00:00,,,49.38,468,0.307,,, 
2021-01-06 00:00:00,,,52.62,893,0.594,,3.68,60.5 
2021-01-07 00:00:00,,,,432,0.273,,, 
2021-01-08 00:00:00,,,,639,0.446,,3.88,65.75 
2021-01-09 00:00:00,,,78.62,3466,2.06,1.77,4.3,70.5 
2021-01-10 00:00:00,,,,272,0.188,,, 
2021-01-11 00:00:00,,,,487,0.33,,4.82,80 
2021-01-12 00:00:00,,,,2659,1.64,4.2,4.17,67.3 
2021-01-13 00:00:00,,,,995,0.675,,5.18,88.5 
2021-01-14 00:00:00,,,,1924,1.28,,3.17,58.67 
2021-01-15 00:00:00,,,,1017,0.605,,4.35,66.6 
2021-01-16 00:00:00,,,77.21,3221,1.81,7,4.01,65.86 
2021-01-17 00:00:00,,,77.74,752,0.486,,4.5,70 
2021-01-18 00:00:00,,,,527,0.358,,3.74,65.75 
2021-01-19 00:00:00,,,74.89,1008,0.663,,3.71,61.5 
2021-01-20 00:00:00,,,,529,0.326,,3.56,68.5 
2021-01-21 00:00:00,,,72.08,2525,1.62,0,4.17,65.09 
2021-01-22 00:00:00,,,73.49,1716,1.1,6,3.96,68 
2021-01-23 00:00:00,,,,1253,0.748,,3.8,63 
2021-01-24 00:00:00,,,,556,0.393,,, 
2021-01-25 00:00:00,,,,780,0.485,,, 
2021-01-26 00:00:00,,,44.16,465,0.308,,5,92 
2021-01-27 00:00:00,,,,452,0.279,,4,64 
2021-01-28 00:00:00,,,,676,0.414,,4.41,67.5 
2021-01-29 00:00:00,,,,513,0.36,,4.21,66 
2021-01-30 00:00:00,,,74.14,1035,0.69,,3.73,62 
2021-01-31 00:00:00,,,56.93,840,0.542,,3.8,66.33 
2021-02-01 00:00:00,,,,318,0.222,,3.02,59 
2021-02-02 00:00:00,,,77.31,1014,0.696,,4.2,70.33 
2021-02-03 00:00:00,,,,640,0.407,,, 
2021-02-04 00:00:00,,,55.98,1108,0.71,0,5.24,78.75 
2021-02-05 00:00:00,,,,478,0.309,,, 
2021-02-06 00:00:00,,,,494,0.322,,3.37,60 
2021-02-07 00:00:00,,,,508,0.346,,4.75,73 
2021-02-08 00:00:00,,,,417,0.28,,, 
2021-02-09 00:00:00,,,78.91,2071,1.42,0,4.29,71 
2021-02-10 00:00:00,,,,379,0.268,,, 
2021-02-11 00:00:00,,,,2388,1.52,5,4.17,64.56 
2021-02-12 00:00:00,,,,322,0.232,,4.97,75 
2021-02-13 00:00:00,,,,1145,0.668,,3.83,61.4 
2021-02-14 00:00:00,,,,4823,2.55,2.67,4.2,70.35 
2021-02-15 00:00:00,,,,1285,0.824,,4.05,64.12 
2021-02-16 00:00:00,,,,1173,0.763,8,4.07,65.57 
2021-02-17 00:00:00,,,,2642,1.48,1,4,63.96 
2021-02-18 00:00:00,,,,1531,0.946,0,3.89,63.55 
2021-02-19 00:00:00,,,,788,0.544,,5.13,75.5 
2021-02-20 00:00:00,,,79.29,4026,2.61,0,4.24,69.54 
2021-02-21 00:00:00,,,,2200,1.25,0,3.8,64.86 
2021-02-22 00:00:00,,,82.23,3767,2.35,,4.08,68.2 
2021-02-23 00:00:00,,,,4605,2.6,4.6,4.08,67.82 
2021-02-24 00:00:00,,,78.27,907,0.634,,4.1,60 
2021-02-25 00:00:00,,,66.05,1905,1.23,0.5,4.69,81.6 
2021-02-26 00:00:00,,,74.01,1962,1.67,,4.63,74 
2021-02-27 00:00:00,,,,6653,3.82,5.73,3.66,60.59 
2021-02-28 00:00:00,,,58.16,546,0.375,,4.59,75.5 
2021-03-01 00:00:00,,,74.44,5895,3.55,1.5,4.07,68 
2021-03-02 00:00:00,,,,518,0.339,,, 
2021-03-03 00:00:00,,,71.52,973,0.599,,4.11,65.5 
2021-03-04 00:00:00,,,,1001,0.617,,3.69,62.75 
2021-03-05 00:00:00,,,,351,0.233,,5,73 
2021-03-06 00:00:00,,,78.33,464,0.302,,4.25,62 
2021-03-07 00:00:00,,,,327,0.223,,4.9,86 
2021-03-08 00:00:00,,,78.37,5485,3.24,2.29,4.06,66.84 
2021-03-09 00:00:00,,,,237,0.151,,, 
2021-03-10 00:00:00,,,,476,0.312,,3.08,56 
2021-03-11 00:00:00,,,,417,0.263,,, 
2021-03-12 00:00:00,,,,669,0.437,,3.51,56.25 
2021-03-13 00:00:00,,,,2125,1.44,0.333,4.15,65.25 
2021-03-14 00:00:00,,,,492,0.331,,, 
2021-03-15 00:00:00,,,83.81,5493,3.46,1,4.56,71.05 
2021-03-16 00:00:00,,,,2650,2.14,0,5.22,73.57 
2021-03-17 00:00:00,,,,1052,0.651,,3.33,51 
2021-03-18 00:00:00,,,57,838,0.559,,, 
2021-03-19 00:00:00,,,,776,0.493,,4.72,84 
2021-03-20 00:00:00,,,85.43,1111,0.744,,4.28,67.5 
2021-03-21 00:00:00,,,,862,0.592,,4.73,78 
2021-03-22 00:00:00,,,72.3,7691,4.25,1,4.1,66.93 
2021-03-23 00:00:00,,,,267,0.179,,, 
2021-03-24 00:00:00,,,78.54,1157,0.739,,3.55,51.67 
2021-03-25 00:00:00,,,,723,0.48,,, 
2021-03-26 00:00:00,,,69.43,765,0.512,,3.35,65 
2021-03-27 00:00:00,,,76.93,2705,1.58,0,4.21,68.13 
2021-03-28 00:00:00,,,,12447,6.73,5.49,3.8,65.95 
2021-03-29 00:00:00,,,84.09,1778,1.06,,3.76,60.57 
2021-03-30 00:00:00,,,,515,0.339,,3.53,58.75 
2021-03-31 00:00:00,,,83.82,1449,0.98,,4.02,67.44 
2021-04-01 00:00:00,,,73.15,1827,1.12,0,4.22,66.14 
2021-04-02 00:00:00,,,,515,0.322,,3.73,63.5 
2021-04-03 00:00:00,,,,2125,1.44,,4.67,71.82 
2021-04-04 00:00:00,,,58.56,1012,0.69,,4.49,77.33 
2021-04-05 00:00:00,,,,755.75,0.518,,4.3,74.5 
2021-04-06 00:00:00,,,,512.25,0.332,,5.06,79.5 
2021-04-07 00:00:00,,,85.54,1149,0.773,,4.1,68.29 
2021-04-08 00:00:00,,,,509,0.337,,, 
2021-04-09 00:00:00,,,83.04,1234,0.763,,4.13,65.6 
2021-04-10 00:00:00,,,,551,0.36,,3.42,59 
2021-04-11 00:00:00,,,83.12,2102,1.78,,4.97,75.62 
2021-04-12 00:00:00,,,,435,0.286,,3.51,67 
2021-04-13 00:00:00,,,,481,0.293,,3.56,63 
2021-04-14 00:00:00,,,,370,0.252,,, 
2021-04-15 00:00:00,,,,612,0.443,,4.73,67.33 
2021-04-16 00:00:00,,,79.09,1895,1.17,,3.89,64 
2021-04-17 00:00:00,,,85.31,5540,2.98,10.93,3.65,64.25 
2021-04-18 00:00:00,,,,2410,1.4,0,4.04,62.71 
2021-04-19 00:00:00,,,,8510,4.7,3.1,4.01,68.44 
2021-04-20 00:00:00,,,81.8,4172,2.39,16.25,3.34,61.87 
2021-04-21 00:00:00,,,,7142,4.05,10.94,3.48,62.5 
2021-04-22 00:00:00,,,,493,0.315,,4.16,67.5 
2021-04-23 00:00:00,,,73.15,4620,2.65,1.25,3.6,63.73 
2021-04-24 00:00:00,,,80.54,4892,2.87,1.67,4.1,69.19 
2021-04-25 00:00:00,,,,450,0.264,,3.67,58 
2021-04-26 00:00:00,,,,567,0.366,,4.32,67 
2021-04-27 00:00:00,,,76.6,1363,0.83,0,3.83,62.78 
2021-04-28 00:00:00,,,,528,0.33,,4.36,65 
2021-04-29 00:00:00,,,77.31,8332,4.77,1.21,4.2,67.39 
2021-04-30 00:00:00,,,,2460,1.54,0,4.31,66.67 
2021-05-01 00:00:00,,,,3761,2.05,1.2,3.99,65.74 
2021-05-02 00:00:00,,,54.06,1383,0.794,,3.78,65.6 
2021-05-03 00:00:00,,,69.74,548,0.381,,4.14,67 
2021-05-04 00:00:00,,,,467,0.301,,4.48,66 
2021-05-05 00:00:00,,,77.77,573,0.383,,5.04,67 
2021-05-06 00:00:00,,,72.82,472,0.306,,, 
2021-05-07 00:00:00,,,67.1,961,0.602,,3.5,57 
2021-05-08 00:00:00,,,69.01,637,0.425,,3.29,59.5 
2021-05-09 00:00:00,,,76.26,1781,1.05,,3.48,56.4 
2021-05-10 00:00:00,,,73.81,1331,0.827,,4.44,65.33 
2021-05-11 00:00:00,,,52.51,709,0.503,,4.26,69.67 
2021-05-12 00:00:00,,,76.48,530,0.33,,4.43,68 
2021-05-13 00:00:00,,,,3341,1.91,0.333,3.55,62.26 
2021-05-14 00:00:00,,,,273,0.173,,4.36,71 
2021-05-15 00:00:00,,,,828,0.547,,3.97,62.33 
2021-05-16 00:00:00,,,,3098,1.85,0,4.25,67.53 
2021-05-17 00:00:00,,,,538,0.349,,3.67,78 
2021-05-18 00:00:00,,,,882,0.607,,4.14,70 
2021-05-19 00:00:00,,,,767,0.492,,3.42,70 
2021-05-20 00:00:00,,,,695.86,0.463,,3.7,63.6 
2021-05-21 00:00:00,,,,472.14,0.322,,3.98,74.5 
2021-05-22 00:00:00,,,75.16,6832,3.95,0,3.96,64.91 
2021-05-23 00:00:00,,,,481,0.278,,4.93,71.5 
2021-05-24 00:00:00,,,,732,0.426,,3.13,52 
2021-05-25 00:00:00,,,74.55,4978,2.94,0,4.15,69.25 
2021-05-26 00:00:00,,,70.62,6311,3.73,8,3.88,63.2 
2021-05-27 00:00:00,,,84.01,10174,5.96,1.38,3.91,64.05 
2021-05-28 00:00:00,,,,9632,5.9,4.6,3.96,67.28 
2021-05-29 00:00:00,,,76.7,8486,5.5,2.42,3.78,64.83 
2021-05-30 00:00:00,,,,11850,7.24,3.89,4.09,67.47 
2021-05-31 00:00:00,,,,8398,5.14,5.77,3.89,66.96 
2021-06-01 00:00:00,,,69.62,4391,2.53,0,3.53,60.71 
2021-06-02 00:00:00,,,77.49,421,0.244,,, 
2021-06-03 00:00:00,,,,541,0.35,,3.13,59 
2021-06-04 00:00:00,,,,1810,1.09,0,4.03,65.33 
2021-06-05 00:00:00,,,,2088,1.26,,3.97,65.83 
2021-06-06 00:00:00,,,,10890,6.7,,3.93,64.21 
2021-06-07 00:00:00,,,77.69,4754,2.65,,3.92,66.93 
2021-06-08 00:00:00,,,78.05,6318,3.63,0,4.42,72.5 
2021-06-09 00:00:00,,,75.9,8155,4.64,1.2,4.14,68.3 
2021-06-10 00:00:00,,,,1177,0.722,0,4.36,72 
2021-06-11 00:00:00,,,87.21,7248,4.04,7.75,3.82,64.7 
2021-06-12 00:00:00,,,87.74,11486,6.7,9.45,3.92,66.96 
2021-06-13 00:00:00,,,,10982,6.07,2.71,4.2,70.82 
2021-06-14 00:00:00,,,79.31,6809,3.84,,3.66,61.9 
2021-06-15 00:00:00,,,72.91,6513,4.06,10,4.02,65.67 
2021-06-16 00:00:00,,,77.84,13202,7.6,,3.9,63.91 
2021-06-17 00:00:00,,,85.1,3955,2.25,0,3.78,63.23 
2021-06-18 00:00:00,,,,2703,1.54,4.5,3.66,61.4 
2021-06-19 00:00:00,,,,2769,1.59,,3.59,64.76 
2021-06-20 00:00:00,,,,3669,2.06,,3.83,64.64 
2021-06-21 00:00:00,,,88.35,10277,7.94,0.091,4.74,72.08 
2021-06-22 00:00:00,,,81.75,9151,5.45,0,4.1,65.67 
2021-06-23 00:00:00,,,85.05,9092,5.47,0.724,4.15,67.78 
2021-06-24 00:00:00,,,86.04,6242,3.82,0,4.33,68.33 
2021-06-25 00:00:00,,,68.96,4150,2.45,4.2,4.07,66 
2021-06-26 00:00:00,,,,967,0.598,,3.73,62.33 
2021-06-27 00:00:00,,,68.88,5503,3.25,11.25,3.93,64.25 
2021-06-28 00:00:00,,,80.65,6147,3.66,0,4.2,67.75 
2021-06-29 00:00:00,,,84.28,2217,1.27,3,3.66,63.88 
2021-06-30 00:00:00,,,78.47,6845,5.96,0,3.85,65.67 
2021-07-01 00:00:00,,,76.93,5590,3.22,0,4.13,65.77 
2021-07-02 00:00:00,,,75.18,7673,4.38,0.833,4,65.62 
2021-07-03 00:00:00,,,89.24,9728,5.52,3.09,3.67,64.2 
2021-07-04 00:00:00,,,88.26,1697,1,,4.09,62.75 
2021-07-05 00:00:00,,,75.61,5017,2.91,2,3.62,61.2 
2021-07-06 00:00:00,,,84.17,7476,4.37,1.5,3.74,61.89 
2021-07-07 00:00:00,,,76.14,4681,2.71,,3.83,62.61 
2021-07-08 00:00:00,,,80.53,6589,3.81,2.25,3.75,64.15 
2021-07-09 00:00:00,,,70.22,20720,11.75,5.84,3.82,63.74 
2021-07-10 00:00:00,,,71.52,7660,4.21,6.75,3.67,62.52 
2021-07-11 00:00:00,,,,17433,9.75,11.67,3.54,61.19 
2021-07-12 00:00:00,,,74.96,2935,1.7,2.33,3.56,61.41 
2021-07-13 00:00:00,,,,1036,0.63,,3.88,62.2 
2021-07-14 00:00:00,,,,513,0.324,,, 
2021-07-15 00:00:00,,,,519,0.336,,3.91,64 
2021-07-16 00:00:00,,,,695,0.46,,4.42,70 
2021-07-17 00:00:00,,,,1245,0.807,,4.04,67.9 
2021-07-18 00:00:00,,,73.99,1130,0.718,,4.66,75 
2021-07-19 00:00:00,,,76.57,1278,0.802,,4.27,70.33 
2021-07-20 00:00:00,,,75.14,1783,1.08,,4.08,71.2 
2021-07-21 00:00:00,,,75.69,2489,1.59,,4.32,69.12 
2021-07-22 00:00:00,,,81.91,2047,1.23,,3.85,67.5 
2021-07-23 00:00:00,,,81.84,10713,6.72,0,4.03,67.53 
2021-07-24 00:00:00,,,,6055,3.62,,3.88,64.33 
2021-07-25 00:00:00,,,82.42,9729,6.37,21,3.61,66.21 
2021-07-26 00:00:00,,,,7514,4.81,,3.64,63 
2021-07-27 00:00:00,,,59.87,9386,7.14,1.5,3.99,66.27 
2021-07-28 00:00:00,,,61.82,7911,4.78,0,3.72,62.06 
2021-07-29 00:00:00,,,69.99,5174,3.5,1.75,4.13,70.52 
2021-07-30 00:00:00,,,,8377,5.33,0,4.2,67.72 
2021-07-31 00:00:00,,,,8688,4.92,42.5,3.51,59.87 
2021-08-01 00:00:00,,,75.53,3353,1.98,,3.57,63.9 
2021-08-02 00:00:00,,,82.21,18413,10.06,0.231,4,67.6 
2021-08-03 00:00:00,,,80.82,22211,12.47,0,4,65.44 
2021-08-04 00:00:00,,,,15513,9.28,15.46,3.58,61.22 
2021-08-05 00:00:00,,,80.26,12126,6.97,3.97,3.82,64.73 
2021-08-06 00:00:00,,,,19396,11.07,22,3.37,59.11 
2021-08-07 00:00:00,,,73.53,20578,11.78,5.5,3.98,64.87 
2021-08-08 00:00:00,,,,29157,16.18,9.75,3.54,61.87 
2021-08-09 00:00:00,,,,37290,21.3,8.36,3.69,63.03 
2021-08-10 00:00:00,,,,31920,17.36,12.54,3.53,62.46 
2021-08-11 00:00:00,,,,17909,10.2,21.67,3.49,61.14 
2021-08-12 00:00:00,,,,20586,12.15,5,3.72,63.86 
2021-08-13 00:00:00,,,61.16,22937,13.03,37.33,3.46,60.69 
2021-08-14 00:00:00,,,79.15,5902,3.57,0,3.85,64.35 
2021-08-15 00:00:00,,,,7857,4.42,0,3.91,66.03 
2021-08-16 00:00:00,,,,23470,13.17,46.8,3.34,60.27 
2021-08-17 00:00:00,,,,8083,5.47,1.75,4.17,67.3 
2021-08-18 00:00:00,,,,12760,7.52,2.89,3.99,67.84 
2021-08-19 00:00:00,,,,19836,12.77,0,4.01,68.55 
2021-08-20 00:00:00,,,,7756,4.35,54,3.5,63.36 
2021-08-21 00:00:00,,,,20063,12.27,72,3.62,61.23 
2021-08-22 00:00:00,,,,2661,1.57,,4.28,66.2 
2021-08-23 00:00:00,,,72.65,3577,2.22,,3.65,66.44 
2021-08-24 00:00:00,,,71.81,4004,2.67,,4.34,77.83 
2021-08-25 00:00:00,,,79.68,4960,3.17,15.33,4.13,78.38 
2021-08-26 00:00:00,,,59.42,3242,2.21,18,4.54,91.4 
2021-08-27 00:00:00,,,79.31,2584,1.47,,3.53,64.08 
2021-08-28 00:00:00,,,,8025,4.69,2.67,3.86,66.14 
2021-08-29 00:00:00,,,,2057,1.29,,3.69,62.4 
2021-08-30 00:00:00,,,,1965,1.27,,4.52,84.21 
2021-08-31 00:00:00,,,,731,0.499,,3.97,72.33 
2021-09-01 00:00:00,,,81.26,1240,0.754,,4.33,67.4 
2021-09-02 00:00:00,,,,3712,2.36,14.93,4.07,67.67 
2021-09-03 00:00:00,,,,1923,1.07,44.75,3.15,58.12 
2021-09-04 00:00:00,,,,1096,0.647,,3.38,54 
2021-09-05 00:00:00,,,26.68,4442,2.5,28.56,3.39,59.52 
2021-09-06 00:00:00,,,64.83,2916,1.68,5.33,3.79,64.58 
2021-09-07 00:00:00,,,,462,0.305,,, 
2021-09-08 00:00:00,,,84.01,4044,2.63,,4.59,70.13 
2021-09-09 00:00:00,,,83.74,2294,1.36,3,4.14,65.14 
2021-09-10 00:00:00,,,80.79,8674,5.6,10,4.25,67.66 
2021-09-11 00:00:00,,,76.27,4664,2.78,,3.4,55 
2021-09-12 00:00:00,,,76.94,3185,1.91,0,3.83,64.6 
2021-09-13 00:00:00,,,73.91,5914,3.45,21,3.52,62 
2021-09-14 00:00:00,,,,766,0.509,,3.28,55 
2021-09-15 00:00:00,,,,577,0.405,,4,71 
2021-09-16 00:00:00,,,71.21,3994,2.53,,3.97,65.58 
2021-09-17 00:00:00,,,85.11,2102,1.36,0,3.85,60.33 
2021-09-18 00:00:00,,,,2946,1.65,5.88,3.78,64.36 
2021-09-19 00:00:00,,,,612,0.38,,3.67,61.33 
2021-09-20 00:00:00,,,77.36,334,0.188,,3.6,58.5 